travelTimeMeta_ID,latitude,longitude,WTD_ma2025_m,WTD_ma2025_uncertainty_m
1,46.43,-86.8453,3.3499999046325684,4.50214147567749
2,46.4249,-86.8454,4.570000171661377,7.048849105834961
3,46.4143,-86.8262,7.921199798583984,9.31875228881836
4,46.4168,-86.8305,6.048759460449219,8.3056001663208
5,46.4295,-86.8721,4.298840045928955,8.116000175476074
6,46.4288,-86.8634,4.570000171661377,5.550199508666992
7,46.4296,-86.8531,4.116276264190674,7.252851486206055
8,46.4272,-86.8396,4.264575958251953,7.689732074737549
9,46.4273,-86.8339,2.831592082977295,4.691899299621582
10,46.4308,-86.8316,3.65939998626709,5.490000247955322
11,33.3304,-91.4805,5.552312850952148,2.97269344329834
12,33.3305,-91.4829,5.636895179748535,3.705763339996338
13,33.3305,-91.4854,8.544206619262695,12.126087188720703
14,33.3305,-91.4863,8.05298900604248,10.445931434631348
15,37.7847,-122.253,,
16,37.7802,-122.2463,,
17,37.7828,-122.2491,,
18,37.7829,-122.2478,,
19,37.7816,-122.2506,,
20,37.7831,-122.2518,,
21,37.7478,-122.2371,,
22,37.7506,-122.2371,,
23,37.785,-122.279,,
24,37.7851,-122.2882,,
25,37.7881,-122.2884,,
26,37.7417,-122.2385,1.3479779958724976,0.6933819055557251
27,37.7893,-122.2791,,
28,37.7869,-122.2788,,
29,37.7832,-122.3137,,
30,37.7824,-122.3136,,
31,37.7838,-122.3134,,
32,37.7817,-122.3251,,
33,37.7894,-122.3257,,
34,37.7955,-122.3265,,
35,37.7592,-122.2369,,
36,37.7665,-122.2384,,
37,37.7747,-122.2897,,
38,37.7732,-122.2659,,
39,37.7723,-122.2955,,
40,37.7682,-122.2717,,
41,37.7606,-122.2588,,
42,37.7382,-122.2377,1.0032999515533447,0.6998335123062134
43,37.7317,-122.2393,1.7750790119171143,1.001443862915039
44,37.7437,-122.2591,,
45,37.755,-122.2272,,
46,37.7764,-122.2794,,
47,37.8636,-122.3141,,
48,37.8673,-122.3123,0.0,0.0
49,37.8663,-122.3065,0.0,0.0
50,37.8711,-122.3058,,
51,37.8613,-122.3017,,
52,37.8585,-122.3011,,
53,37.8501,-122.2957,1.8640406131744385,0.8395606279373169
54,37.8533,-122.2994,,
55,37.8673,-122.3033,1.485095739364624,0.9370059967041016
56,37.8776,-122.3094,,
57,37.8635,-122.3043,3.4259519577026367,1.6882870197296143
58,37.8804,-122.2787,3.027894973754883,3.0473601818084717
59,37.8786,-122.2843,2.9027247428894043,1.2774720191955566
60,37.8817,-122.3,2.6967720985412598,0.7741918563842773
61,37.8882,-122.2743,4.026979446411133,3.5454282760620117
62,37.8743,-122.2795,2.9349894523620605,1.853538990020752
63,37.8706,-122.2875,3.2600536346435547,2.4841198921203613
64,37.8765,-122.2811,2.9846014976501465,2.0645337104797363
65,37.865,-122.2982,2.901695966720581,0.9528400897979736
66,37.8537,-122.2903,4.053780555725098,1.0962891578674316
67,37.8492,-122.2799,3.1397171020507812,2.907961130142212
68,37.8564,-122.2752,3.9288721084594727,6.958438873291016
69,37.8561,-122.2614,2.5604372024536133,1.784130334854126
70,37.8661,-122.2634,5.934455871582031,0.798825740814209
71,37.865,-122.2759,2.986934185028076,2.0668296813964844
72,37.8704,-122.2774,3.3012561798095703,1.852095603942871
73,37.8716,-122.2941,3.376269578933716,1.48378324508667
74,37.8642,-122.2914,3.6835079193115234,1.6881687641143799
75,37.8642,-122.2835,3.5996880531311035,6.095997333526611
76,37.8695,-122.2712,4.232148170471191,2.594575881958008
77,37.8395,-122.3151,,
78,37.837,-122.3031,,
79,37.8375,-122.2988,,
80,37.8309,-122.2932,2.3535513877868652,0.9535157680511475
81,37.8338,-122.2836,2.421037435531616,1.7531079053878784
82,37.8412,-122.2903,1.850898027420044,1.0919461250305176
83,37.8449,-122.2876,2.168271064758301,1.1950336694717407
84,37.8479,-122.2916,2.7256739139556885,0.23742103576660156
85,37.8443,-122.2974,,
86,37.8372,-122.2906,1.713416337966919,0.4233863353729248
87,37.8315,-122.2907,1.8005213737487793,0.6552656888961792
88,37.8554,-122.2914,3.45033597946167,1.7183668613433838
89,37.8574,-122.2826,2.627376079559326,0.8159749507904053
90,37.8544,-122.2818,2.7962470054626465,1.0088880062103271
91,37.8596,-122.2827,3.4067749977111816,0.9723119735717773
92,37.8594,-122.2695,2.57647442817688,0.9552938938140869
93,37.8565,-122.2692,2.57647442817688,0.9448800086975098
94,37.8591,-122.2926,3.45033597946167,1.6952719688415527
95,37.8608,-122.2915,3.6835079193115234,1.4184627532958984
96,37.8795,-122.3027,1.8482309579849243,1.2347121238708496
97,37.8761,-122.3016,1.8384519815444946,0.9249954223632812
98,37.6679,-122.1568,5.336031913757324,2.5425398349761963
99,37.2955,-89.5092,5.4882001876831055,4.601640224456787
100,37.2959,-89.512,4.878399848937988,5.18079948425293
101,33.2868,-92.3444,8.177497863769531,13.762552261352539
102,33.2779,-92.3331,6.003830432891846,9.838377952575684
103,32.9703,-79.8135,7.619999885559082,8.404352188110352
104,32.9757,-79.8062,3.987433910369873,10.971400260925293
105,32.9804,-79.7976,0.0,6.4008002281188965
106,32.9841,-79.7866,4.908041954040527,8.636859893798828
107,32.9899,-79.7798,2.819304943084717,9.58944320678711
108,32.9046,-79.9237,5.376287937164307,7.618499755859375
109,32.915,-79.9061,4.572000026702881,6.398399829864502
110,32.9234,-79.8988,3.6588001251220703,5.519291877746582
111,32.9443,-79.8385,6.4008002281188965,8.532999992370605
112,32.962,-79.853,3.657599925994873,6.408473014831543
113,32.9543,-79.8171,5.464048385620117,10.536809921264648
114,32.9682,-79.821,4.876038074493408,10.25550365447998
115,32.9653,-79.8343,3.352099895477295,7.619999885559082
116,32.995,-79.7711,0.0,7.506038665771484
117,32.9999,-79.7625,4.340512275695801,10.971400260925293
118,32.9928,-79.759,2.036749839782715,10.90386962890625
119,33.002,-79.7486,3.0490000247955322,9.608680725097656
120,33.0122,-79.7407,0.0,7.619999885559082
121,32.9087,-79.9151,1.7966574430465698,5.488650321960449
122,33.0216,-79.733,0.0,6.0960001945495605
123,33.0357,-79.7362,0.0,6.415600299835205
124,33.0327,-79.7212,0.0,4.272347927093506
125,32.9115,-79.9855,5.487299919128418,6.095999717712402
126,32.9118,-80.0071,5.851860046386719,9.02387523651123
127,28.9794,-95.2851,6.461887359619141,17.145000457763672
128,28.9756,-95.2963,22.860000610351562,23.301605224609375
129,28.9792,-95.2688,7.619999885559082,13.93179702758789
130,28.8691,-95.4492,5.791200160980225,9.134856224060059
131,28.8871,-95.4812,5.623559951782227,11.978639602661133
132,28.8959,-95.5063,3.352799892425537,3.352799892425537
133,28.9145,-95.5464,3.352799892425537,3.5922300815582275
134,29.0601,-95.2676,7.619999885559082,8.755380630493164
135,29.065,-95.2555,11.932920455932617,15.698419570922852
136,29.0739,-95.246,,
137,29.0581,-95.2291,19.812000274658203,13.674799919128418
138,29.0616,-95.2399,10.407320022583008,16.016559600830078
139,29.0379,-95.2675,7.315199851989746,12.801799774169922
140,28.8668,-95.5872,2.5176479816436768,2.511551856994629
141,28.8765,-95.5841,1.5240000486373901,2.554986000061035
142,28.8805,-95.5662,2.740000009536743,4.876800060272217
143,28.8808,-95.5576,2.1335999965667725,5.864351749420166
144,28.8885,-95.565,1.5849599838256836,4.785359859466553
145,28.8838,-95.576,1.5240000486373901,3.352799892425537
146,29.0127,-95.2183,,
147,33.4179,-91.4037,6.60366153717041,2.7707719802856445
148,35.8311,-90.303,2.2416696548461914,2.2734360694885254
149,35.9061,-90.3987,4.173253059387207,4.078481197357178
150,35.934,-90.3329,2.6852879524230957,1.3762638568878174
151,35.7779,-90.5639,4.060454845428467,4.370505332946777
152,35.7785,-90.5424,3.997356414794922,2.32912015914917
153,35.7791,-90.5134,3.8306477069854736,7.374770641326904
154,35.8029,-90.3582,2.291558027267456,1.704443335533142
155,35.802,-90.3097,3.3476738929748535,2.062629222869873
156,35.805,-90.4206,2.6340816020965576,2.0937280654907227
157,35.7927,-90.4703,2.008100986480713,1.5727734565734863
158,35.8922,-90.4537,2.6609039306640625,2.510985851287842
159,35.7369,-90.3226,3.1466941833496094,2.392421007156372
160,32.7874,-79.79,,
161,32.803,-79.748,,
162,32.7987,-79.7629,,
163,32.7953,-79.7739,,
164,32.7838,-79.7988,,
165,32.8193,-79.81,,
166,32.8231,-79.8134,0.6097999811172485,3.0480000972747803
167,32.8287,-79.8167,2.40106201171875,7.7318902015686035
168,32.8445,-79.7766,,
169,32.8152,-79.8154,,
170,32.8311,-79.8051,0.0,3.8744099140167236
171,32.831,-79.7989,0.3247169852256775,4.877200126647949
172,32.8409,-79.7832,,
173,32.8482,-79.787,2.439199924468994,3.427949905395508
174,32.9121,-79.7089,0.0,4.571249961853027
175,32.9163,-79.7187,0.0,0.0
176,32.8808,-79.7364,,
177,32.8603,-79.7655,,
178,32.8373,-79.815,2.4384000301361084,7.2716803550720215
179,32.8207,-79.825,0.0,3.1500000953674316
180,32.8049,-79.8311,,
181,32.7922,-79.8472,,
182,32.7692,-79.8186,,
183,32.7766,-79.8145,,
184,32.7808,-79.8051,,
185,32.7602,-79.857,,
186,32.7597,-79.8428,,
187,32.8682,-79.784,1.4673759937286377,5.151120185852051
188,32.8848,-79.7554,0.0,1.8737579584121704
189,32.8741,-79.752,0.0,3.1500000953674316
190,32.9043,-80.0267,5.486400127410889,5.5759992599487305
191,32.9166,-80.0323,5.791200160980225,9.262222290039062
192,32.917,-80.0391,7.784481525421143,18.501585006713867
193,32.8994,-80.013,10.059200286865234,5.792099952697754
194,32.847,-79.8234,3.1500000953674316,9.929083824157715
195,33.0991,-79.4676,0.0,3.1500000953674316
196,32.5954,-80.1276,,
197,32.5907,-80.1283,,
198,32.6016,-80.1175,,
199,32.6039,-80.105,,
200,32.6245,-80.0564,,
201,32.6178,-80.0184,,
202,32.6136,-80.049,,
203,32.6106,-80.0603,,
204,32.6101,-80.1423,,
205,32.7444,-80.05,8.168330192565918,8.590279579162598
206,32.7306,-80.0658,0.0,3.1500000953674316
207,32.6685,-80.1784,8.168330192565918,19.458820343017578
208,32.7023,-80.1235,9.69264030456543,18.659229278564453
209,32.5916,-80.1625,,
210,32.5617,-80.1774,,
211,32.57,-80.1583,,
212,32.6736,-79.9452,,
213,32.6538,-79.9496,,
214,32.6487,-79.9607,,
215,32.6569,-79.9433,,
216,32.6627,-79.9271,,
217,32.7575,-79.9655,7.390699863433838,6.403600215911865
218,32.695,-79.9652,4.2692999839782715,8.168330192565918
219,32.6677,-79.9193,,
220,32.6758,-79.9018,,
221,32.6833,-79.8915,,
222,32.8982,-80.0604,6.706699848175049,8.230799674987793
223,32.9118,-80.068,6.304788112640381,8.430497169494629
224,32.7359,-79.9663,8.168330192565918,7.928759574890137
225,32.7695,-79.992,4.671292304992676,10.361400604248047
226,32.7085,-79.9387,,
227,32.731,-79.9133,,
228,32.5892,-80.1515,,
229,32.5778,-80.1675,,
230,32.5723,-80.1785,,
231,32.5753,-80.1712,,
232,32.7164,-79.9679,5.486400127410889,10.05840015411377
233,32.7298,-79.9477,7.390699863433838,8.984715461730957
234,32.6621,-79.9353,,
235,33.3959,-92.5832,8.187704086303711,22.55048370361328
236,33.4169,-92.5906,6.763893127441406,24.289138793945312
237,33.4267,-92.5874,7.924799919128418,26.811731338500977
238,33.4356,-92.5853,9.76650333404541,26.19451141357422
239,33.339,-92.528,5.91156005859375,11.711031913757324
240,33.3477,-92.5304,5.91156005859375,16.921113967895508
241,36.2373,-90.2322,2.4982171058654785,1.5992538928985596
242,25.9473,-97.5469,4.683251857757568,0.6096000671386719
243,25.9527,-97.5597,4.572000026702881,1.2192001342773438
244,25.9572,-97.5684,4.922519683837891,1.5240001678466797
245,25.9611,-97.5761,6.0960001945495605,2.4003000259399414
246,25.9655,-97.5842,6.0960001945495605,3.047999858856201
247,25.9729,-97.5921,4.251959800720215,3.0480000972747803
248,25.9816,-97.5979,6.0960001945495605,0.835761547088623
249,25.9903,-97.6018,5.708141803741455,1.744217872619629
250,25.9993,-97.6037,5.9473419189453125,1.7160239219665527
251,26.0079,-97.6055,9.92547607421875,19.415571212768555
252,26.0154,-97.607,18.618255615234375,30.358081817626953
253,26.0232,-97.6224,6.492239952087402,1.7998437881469727
254,26.0258,-97.6308,5.963303089141846,2.1046438217163086
255,26.029,-97.641,6.720839977264404,4.876800060272217
256,26.0329,-97.651,9.144000053405762,4.554147720336914
257,26.0392,-97.6587,7.217663764953613,3.352799892425537
258,26.0452,-97.6713,6.705599784851074,2.9352240562438965
259,26.0449,-97.6827,5.861290454864502,1.8629374504089355
260,26.0444,-97.7047,6.705599784851074,1.4537053108215332
261,26.0492,-97.7206,5.486400127410889,8.892166137695312
262,26.057,-97.6181,6.641592025756836,3.3101277351379395
263,26.0468,-97.6243,5.913119792938232,2.983992099761963
264,26.0739,-97.6197,5.791200160980225,2.1335997581481934
265,26.0847,-97.6302,5.486400127410889,1.8973803520202637
266,26.0921,-97.644,6.104926109313965,1.9049997329711914
267,26.1066,-97.6472,5.486400127410889,1.528463363647461
268,26.1187,-97.6644,3.809999942779541,3.0175201892852783
269,26.0618,-97.6653,6.0960001945495605,1.468374252319336
270,26.1127,-97.6059,2.8651199340820312,1.8928077220916748
271,26.1246,-97.5749,4.389120101928711,2.939608573913574
272,26.0895,-97.5435,6.049263954162598,0.9022083282470703
273,26.0741,-97.5756,6.0960001945495605,1.3776960372924805
274,35.211,-90.204,6.6029839515686035,9.810606956481934
275,35.2192,-90.1843,4.1168317794799805,2.734849452972412
276,35.2181,-90.1398,5.489999771118164,1.9098730087280273
277,35.2561,-90.2545,4.588620185852051,2.0582852363586426
278,35.2767,-90.2233,4.572000026702881,2.347708225250244
279,35.2989,-90.2006,4.651247978210449,2.8979310989379883
280,35.3101,-90.2719,4.440019607543945,1.6707541942596436
281,35.263,-90.3255,5.238122940063477,3.1974830627441406
282,35.2061,-90.3272,5.585750579833984,3.3771839141845703
283,35.1665,-90.3635,4.946434020996094,2.040128231048584
284,35.1546,-90.2926,0.0,0.0
285,35.1188,-90.365,4.264885902404785,1.9061942100524902
286,35.2114,-90.2807,5.181600093841553,2.7222704887390137
287,35.2107,-90.2547,8.958908081054688,19.331890106201172
288,35.2638,-90.298,4.7717790603637695,2.2885444164276123
289,35.1928,-90.1291,5.941688537597656,3.0162911415100098
290,35.143,-90.1405,5.166042327880859,3.9414098262786865
291,35.1614,-90.1318,5.343509674072266,4.130487442016602
292,35.1708,-90.1272,5.125974178314209,3.0939629077911377
293,35.2097,-90.1158,4.688839912414551,4.25568962097168
294,35.2401,-90.1129,9.493459701538086,10.971258163452148
295,35.2482,-90.166,5.275365829467773,3.1042983531951904
296,35.2701,-90.2012,4.368587493896484,2.382181167602539
297,35.2871,-90.2009,0.0,0.0
298,35.3089,-90.1961,5.082540035247803,2.904238700866699
299,35.3794,-90.2153,4.841890335083008,1.4557881355285645
300,35.307,-90.3076,5.489999771118164,2.098534107208252
301,35.3004,-90.3252,6.072124481201172,3.4249629974365234
302,35.3791,-90.1936,4.588620185852051,2.398306131362915
303,35.3796,-90.2317,4.841890335083008,2.261367082595825
304,35.3513,-90.3063,5.77526330947876,5.077204704284668
305,35.3655,-90.3063,4.631988048553467,2.141278028488159
306,35.3297,-90.1823,8.086627960205078,6.151208877563477
307,35.432,-90.3857,5.4882001876831055,4.098066806793213
308,35.4184,-90.3859,6.078944683074951,4.40698766708374
309,35.3651,-90.4198,5.5511698722839355,3.300260543823242
310,35.4198,-90.4841,5.791200160980225,4.092233180999756
311,35.4194,-90.2449,4.410685062408447,2.501055955886841
312,35.2988,-90.5221,5.97241735458374,3.043508529663086
313,35.3097,-90.5218,5.978950500488281,2.9855055809020996
314,35.326,-90.5227,6.038320064544678,2.8842568397521973
315,35.1611,-90.5609,6.395449638366699,4.494495868682861
316,35.1793,-90.5598,6.157637119293213,3.2121925354003906
317,35.3745,-90.5031,5.997708320617676,3.306854248046875
318,35.3545,-90.5031,6.311203956604004,2.4284791946411133
319,35.4019,-90.5302,5.820656776428223,1.9308834075927734
320,36.2205,-89.9611,3.767655372619629,2.284609317779541
321,36.1034,-89.9769,2.384145498275757,0.25359368324279785
322,36.1562,-90.0715,3.03275990486145,1.2844314575195312
323,36.1268,-90.0871,3.03275990486145,1.2491381168365479
324,36.0975,-90.0999,2.372258186340332,0.6738874912261963
325,36.047,-90.1503,2.313431978225708,0.8316425085067749
326,36.0173,-90.2478,2.7202765941619873,1.535938024520874
327,33.7972,-91.3335,5.489999771118164,4.65477180480957
328,33.7958,-91.3336,5.78449821472168,8.101860046386719
329,33.7933,-91.3337,5.551312446594238,5.5
330,34.9921,-90.0016,32.00400161743164,23.552169799804688
331,34.953,-89.9979,10.240639686584473,13.878142356872559
332,34.9348,-89.9957,30.479999542236328,17.905597686767578
333,34.8705,-89.9915,24.3799991607666,12.190998077392578
334,34.8614,-89.9916,29.565200805664062,9.14900016784668
335,34.8579,-89.9896,30.479999542236328,12.198001861572266
336,34.8612,-90.0778,15.239999771118164,11.30147933959961
337,34.8639,-90.0782,15.239999771118164,14.046656608581543
338,34.8625,-89.9896,24.690000534057617,16.46000099182129
339,34.933,-89.9931,0.0,0.0
340,34.7231,-89.9898,20.11840057373047,16.993038177490234
341,34.8758,-90.2248,4.165415287017822,1.2312800884246826
342,34.8673,-90.2255,4.15442419052124,1.3510394096374512
343,36.1511,-89.5315,3.4259519577026367,2.9635705947875977
344,36.1571,-90.3013,2.687682867050171,2.3033955097198486
345,36.1097,-90.3198,2.9418280124664307,2.476907968521118
346,36.0478,-90.3687,2.6593799591064453,1.2745720148086548
347,35.9722,-90.4415,2.5615391731262207,1.8865162134170532
348,37.8153,-87.5922,6.173999786376953,4.7989349365234375
349,37.8043,-87.6669,7.317600250244141,7.496608734130859
350,37.8382,-87.6908,11.351900100708008,9.100664138793945
351,37.8552,-87.6978,7.453680038452148,9.089221000671387
352,37.8721,-87.7019,5.463812828063965,4.610811233520508
353,37.8204,-87.7073,9.449399948120117,6.091999530792236
354,33.6062,-93.8101,18.289501190185547,19.809999465942383
355,33.597,-93.8103,22.27783203125,18.492000579833984
356,33.6107,-93.8151,23.012401580810547,48.617103576660156
357,47.1664,-88.2449,,
358,47.1777,-88.2634,4.876699924468994,8.014322280883789
359,47.1795,-88.2442,5.179999828338623,8.607600212097168
360,47.1588,-88.2449,,
361,47.1579,-88.2658,4.805373191833496,6.544500350952148
362,47.168,-88.2688,5.1803998947143555,11.989368438720703
363,47.178,-88.2585,3.524624824523926,7.3346428871154785
364,47.1617,-88.2664,4.2692999839782715,5.179999828338623
365,33.0966,-115.5347,5.29162073135376,8.109362602233887
366,33.0966,-115.5344,5.164412498474121,8.404256820678711
367,33.0966,-115.5333,3.0118050575256348,2.976266384124756
368,33.0966,-115.5325,3.326305389404297,4.040785789489746
369,33.0971,-115.5322,3.055619955062866,4.119202613830566
370,33.0972,-115.5314,3.1859219074249268,4.056994438171387
371,33.0969,-115.5312,3.1174943447113037,4.116763591766357
372,33.0966,-115.5307,3.4239401817321777,4.040335655212402
373,33.0966,-115.5328,3.041396141052246,4.051106929779053
374,33.0966,-115.5338,2.934695243835449,3.094820499420166
375,33.0975,-115.5306,3.4239401817321777,4.119202613830566
376,33.0973,-115.5305,3.2693305015563965,4.186522483825684
377,33.0974,-115.5305,3.2693305015563965,4.186522483825684
378,34.8212,-118.2913,67.909912109375,37.21014404296875
379,38.6446,-87.6039,6.0980000495910645,5.913736343383789
380,33.7964,-118.2233,17.56781578063965,13.705999374389648
381,33.7962,-118.2234,4.396361351013184,14.180901527404785
382,33.88,-118.1734,8.466324806213379,5.822695732116699
383,33.9743,-118.1482,21.336000442504883,11.408361434936523
384,33.8705,-118.3321,9.887711524963379,1.051558494567871
385,34.0093,-117.9507,6.639560222625732,1.4581079483032227
386,34.0512,-118.0809,11.069321632385254,13.410764694213867
387,34.8056,-118.3965,75.97552490234375,20.816822052001953
388,34.7205,-90.8196,5.25462532043457,4.716212749481201
389,34.7235,-90.8196,4.519999980926514,4.723085880279541
390,34.7157,-90.8204,10.941304206848145,9.917561531066895
391,34.7157,-90.8108,4.397247791290283,3.153229236602783
392,33.4245,-93.6989,6.259212970733643,10.394660949707031
393,33.4146,-93.692,6.648993968963623,9.91678237915039
394,33.4714,-93.6942,9.060615539550781,15.136661529541016
395,33.4489,-93.676,5.646430969238281,5.103574752807617
396,33.0909,-93.8502,10.990325927734375,12.52294635772705
397,33.1028,-93.8339,11.579999923706055,11.249218940734863
398,33.1134,-93.8213,4.64105224609375,3.1992952823638916
399,33.1219,-93.822,5.854903221130371,8.593633651733398
400,33.1303,-93.7921,5.613196849822998,6.6488752365112305
401,33.1374,-93.7787,5.486400127410889,3.6276955604553223
402,33.5956,-94.1409,5.080254077911377,5.321447849273682
403,33.5953,-94.1262,3.8282880783081055,2.6096975803375244
404,33.5913,-94.1106,3.9876298904418945,2.716984510421753
405,38.7472,-87.5111,3.961199998855591,8.080448150634766
406,28.75,-95.769,,
407,28.7582,-95.7747,4.632959842681885,7.466836929321289
408,28.7651,-95.7867,4.626550197601318,9.267568588256836
409,28.7747,-95.6124,,
410,28.7964,-95.6044,1.2192000150680542,5.96645975112915
411,28.802,-95.6102,1.2192000150680542,2.092452049255371
412,28.7966,-95.6167,1.2192000150680542,6.038087844848633
413,28.7899,-95.6293,1.3411200046539307,6.466331958770752
414,28.8331,-95.6365,1.2192000150680542,2.4688799381256104
415,28.8254,-95.6446,1.2192000150680542,3.4259519577026367
416,33.5381,-93.9544,5.303520202636719,2.6559550762176514
417,33.4908,-93.9141,3.8472065925598145,3.018967628479004
418,33.491,-93.9233,4.091939926147461,2.7075557708740234
419,33.4788,-93.9158,3.696652412414551,5.69503116607666
420,33.4725,-93.8856,3.8282880783081055,3.4225351810455322
421,33.4901,-93.8201,6.779231071472168,8.360918045043945
422,33.4917,-93.8089,4.308102607727051,2.430924892425537
423,33.5549,-93.8879,3.9876298904418945,2.318918466567993
424,33.5899,-93.8752,6.635563850402832,7.0829057693481445
425,33.5794,-93.8756,5.493257999420166,5.186123847961426
426,33.5713,-93.8757,5.486400127410889,4.733133316040039
427,33.363,-93.7041,7.418254852294922,13.353048324584961
428,33.5056,-94.0108,4.494564533233643,4.732111930847168
429,33.5512,-94.0421,0.0,0.0
430,35.9817,-89.9855,2.997403144836426,2.318798542022705
431,35.9814,-90.0181,3.096280336380005,2.2357819080352783
432,35.9822,-89.9144,0.0,0.0
433,35.9818,-89.9121,5.708008289337158,5.140854835510254
434,35.9813,-90.0344,2.521491050720215,1.9375758171081543
435,35.8141,-90.0351,3.7183384895324707,2.5389389991760254
436,35.842,-90.0174,3.3877100944519043,2.6034979820251465
437,35.6838,-90.0987,4.360844135284424,4.323538780212402
438,35.7151,-90.0729,4.728219985961914,2.8330793380737305
439,35.771,-90.0737,4.1092071533203125,2.1357054710388184
440,35.9812,-90.0572,4.098689079284668,3.2266883850097656
441,35.9669,-90.0368,3.5700392723083496,3.0311598777770996
442,35.9521,-90.0366,3.5700392723083496,3.815365791320801
443,35.9519,-89.9831,3.0488338470458984,1.988041639328003
444,35.952,-90.0049,2.41694974899292,2.1304335594177246
445,35.9377,-90.0365,1.7976994514465332,1.0941119194030762
446,35.8073,-90.0915,3.358896017074585,3.5413854122161865
447,35.9502,-89.8561,4.1326446533203125,3.7508203983306885
448,35.9736,-89.8137,3.4259519577026367,1.7112843990325928
449,35.8758,-89.7931,4.303598403930664,2.3679003715515137
450,35.8957,-89.8382,3.6882195472717285,1.1097602844238281
451,35.9736,-89.7353,4.565904140472412,3.793806314468384
452,35.9953,-89.7429,3.99288010597229,2.1445727348327637
453,35.9465,-89.8123,3.472107410430908,2.1237633228302
454,35.9321,-90.2871,2.2156782150268555,1.2937840223312378
455,35.9314,-90.1546,1.4286892414093018,1.7656147480010986
456,35.8369,-90.1958,1.6321144104003906,1.7402039766311646
457,35.8005,-90.2014,1.86026132106781,1.5627988576889038
458,35.7283,-90.2442,1.8183040618896484,1.4987359046936035
459,35.6928,-90.1775,4.263189315795898,2.348008155822754
460,35.6258,-90.0884,4.46999979019165,2.800271987915039
461,35.6253,-90.0701,3.1037521362304688,2.254970073699951
462,35.8525,-89.8289,3.8383350372314453,2.2561240196228027
463,35.8129,-89.8387,4.642338752746582,4.232236385345459
464,35.7912,-89.8387,4.721091270446777,4.091086387634277
465,35.7991,-89.8562,4.170292377471924,1.6709814071655273
466,35.7988,-89.874,4.792980194091797,3.9924144744873047
467,35.799,-89.9049,5.999871253967285,4.8315229415893555
468,35.6829,-90.0158,4.298840045928955,2.8330793380737305
469,35.4811,-90.2005,5.637876033782959,3.3996028900146484
470,35.4661,-90.1758,4.522008895874023,3.023988962173462
471,35.4768,-90.144,3.6501424312591553,2.460312843322754
472,35.5092,-90.1213,4.0015668869018555,1.964460849761963
473,35.5166,-90.0898,4.010253429412842,2.200735092163086
474,35.4906,-90.0814,4.18184232711792,2.852419853210449
475,35.4896,-90.1149,4.711239814758301,2.7335846424102783
476,35.5312,-90.0895,3.671011209487915,1.699887990951538
477,35.5906,-90.0852,3.671011209487915,1.330688238143921
478,35.5906,-90.1163,3.977570056915283,2.9376120567321777
479,35.6038,-90.1066,5.385417461395264,4.056288719177246
480,35.5514,-90.107,4.331120014190674,3.0383307933807373
481,36.8338,-89.3739,2.859816789627075,1.784923791885376
482,36.7594,-89.3557,2.4978156089782715,0.8509726524353027
483,36.7213,-89.3619,3.668753147125244,3.081526517868042
484,36.82,-89.2298,2.8512516021728516,1.9749515056610107
485,36.8491,-89.1987,2.581437587738037,1.2677137851715088
486,36.8341,-89.2785,2.581437587738037,1.2899136543273926
487,36.7366,-89.2108,3.0053024291992188,1.6064667701721191
488,36.696,-89.2426,3.678706169128418,1.5971519947052002
489,36.7396,-89.284,4.458393096923828,2.7509217262268066
490,37.8288,-122.249,4.397247791290283,2.5149807929992676
491,36.4284,-89.6409,3.183331251144409,1.582526683807373
492,36.4256,-89.6691,3.892296075820923,2.01117205619812
493,36.425,-89.5725,4.217288970947266,2.733194589614868
494,36.5839,-89.7961,2.60807204246521,0.5427980422973633
495,36.4811,-89.8172,2.6096975803375244,0.45235443115234375
496,37.7776,-122.242,1.9283256530761719,1.0581798553466797
497,37.8129,-122.289,1.9935824871063232,1.0964329242706299
498,37.8081,-122.294,2.6700479984283447,0.4351823329925537
499,37.768,-122.226,0.0,0.0
500,37.7783,-122.234,2.911057710647583,0.6576647758483887
501,37.7808,-122.239,2.2573487758636475,1.0311384201049805
502,37.7739,-122.227,2.911057710647583,0.6134464740753174
503,37.8142,-122.296,1.4853496551513672,1.2112412452697754
504,37.8102,-122.302,2.556605339050293,0.9497852325439453
505,37.8278,-122.281,2.6967179775238037,1.1215269565582275
506,37.8411,-122.277,3.1767780780792236,2.118762493133545
507,37.8323,-122.264,3.5971479415893555,2.0517866611480713
508,37.8359,-122.264,4.484162330627441,1.0605268478393555
509,37.8503,-122.268,2.0817840099334717,0.9898380041122437
510,37.8513,-122.258,2.487675905227661,1.8650327920913696
511,37.844,-122.228,0.0,0.0
512,37.8374,-122.22,4.978230953216553,7.032491683959961
513,37.8284,-122.247,4.359869003295898,2.5290603637695312
514,37.808,-122.304,1.4310359954833984,1.3559138774871826
515,37.8129,-122.289,1.9935824871063232,1.0964329242706299
516,37.8096,-122.278,5.353812217712402,2.764094829559326
517,37.8094,-122.272,5.710289478302002,2.071521282196045
518,37.803,-122.27,7.06577205657959,1.532127857208252
519,37.8032,-122.277,5.361794948577881,2.248363971710205
520,37.7447,-122.166,5.583270072937012,4.803647994995117
521,37.7404,-122.156,6.429375171661377,3.9014806747436523
522,37.7389,-122.161,5.288400650024414,4.085777282714844
523,37.7513,-122.175,3.6454079151153564,2.734273910522461
524,37.7646,-122.186,4.9671149253845215,2.7984378337860107
525,37.7598,-122.18,0.0,0.0
526,37.7675,-122.193,4.500194072723389,2.764878749847412
527,37.7687,-122.208,3.3353829383850098,4.105471134185791
528,36.3049,-89.4413,3.427475929260254,2.9115183353424072
529,36.2827,-89.4503,2.8221092224121094,3.2195773124694824
530,36.255,-89.4605,0.0,0.0
531,36.2373,-89.4862,3.379215955734253,1.9250514507293701
532,33.6067,-92.8199,7.050100326538086,9.778421401977539
533,33.5978,-92.8184,7.684346675872803,14.753585815429688
534,33.6075,-92.7828,0.0,0.0
535,33.6013,-92.793,6.763893127441406,8.569931030273438
536,37.8041,-122.32,,
537,37.807,-122.322,,
538,37.8018,-122.314,,
539,37.7917,-122.264,1.5657718181610107,0.9187331199645996
540,37.7988,-122.268,6.465824127197266,0.4019451141357422
541,37.778,-122.228,3.818763017654419,2.3967950344085693
542,37.759,-122.197,1.9824819564819336,0.7750750780105591
543,37.7717,-122.207,3.3598175048828125,3.265500545501709
544,37.8024,-122.231,3.060699939727783,0.9774062633514404
545,37.7297,-122.201,1.4633718729019165,0.5616157054901123
546,37.8353,-122.26,4.263716697692871,0.8117380142211914
547,37.825,-122.276,2.2669498920440674,1.4919209480285645
548,37.7598,-122.194,2.415444850921631,0.858487606048584
549,37.7435,-122.174,5.092772483825684,5.3649115562438965
550,37.8157,-122.296,1.5523028373718262,1.3055455684661865
551,37.8089,-122.29,3.198469638824463,1.205843210220337
552,37.8122,-122.297,1.8797693252563477,0.7726678848266602
553,37.7512,-122.184,2.673095941543579,0.8064303398132324
554,37.7898,-122.24,3.1031179428100586,4.1417436599731445
555,37.7939,-122.253,3.1886396408081055,1.814086675643921
556,37.8074,-122.257,2.248408079147339,1.0878880023956299
557,37.7818,-122.2,3.1247079372406006,1.2039599418640137
558,37.749,-122.163,3.3112165927886963,2.738323211669922
559,37.7363,-122.175,5.113605976104736,3.097656011581421
560,37.7915,-122.243,2.866758346557617,0.6795768737792969
561,37.7574,-122.215,0.0,0.0
562,37.7974,-122.261,2.5694918632507324,1.5182216167449951
563,37.7427,-122.187,2.673095941543579,0.5394613742828369
564,37.7372,-122.179,4.4391984939575195,3.37835431098938
565,37.7281,-122.175,4.237736225128174,2.184242010116577
566,37.7379,-122.191,1.6174720525741577,0.6224460601806641
567,37.729,-122.189,1.9283256530761719,1.3091365098953247
568,37.7146,-122.222,1.91389000415802,0.6471918821334839
569,37.7202,-122.208,2.850895881652832,1.1059751510620117
570,37.715,-122.203,2.141727924346924,1.3741285800933838
571,37.7289,-122.207,1.1760200262069702,0.3224107027053833
572,37.7412,-122.226,1.0147299766540527,1.6215358972549438
573,37.7091,-122.213,,
574,37.7109,-122.232,,
575,37.7023,-122.219,,
576,37.7279,-122.226,1.0273663997650146,0.7882890105247498
577,37.729,-122.189,1.9283256530761719,1.3091365098953247
578,37.8455,-122.282,2.4585931301116943,1.324965476989746
579,37.7541,-122.198,2.420111894607544,0.6089091300964355
580,37.8413,-122.282,3.376269578933716,2.235342264175415
581,37.7556,-122.206,1.8336490392684937,0.8300507068634033
582,37.7504,-122.211,0.0,0.0
583,37.743,-122.204,1.5196820497512817,0.7456694841384888
584,37.8102,-122.31,2.303525924682617,0.7342970371246338
585,37.816,-122.302,1.544827938079834,0.5183123350143433
586,37.823,-122.297,2.111677885055542,1.2335255146026611
587,37.8145,-122.311,1.8837811946868896,0.31584906578063965
588,37.8083,-122.324,,
589,37.7987,-122.291,1.6245839595794678,0.5004816055297852
590,37.7967,-122.311,2.2407500743865967,0.6806564331054688
591,37.8003,-122.33,,
592,37.8182,-122.281,3.117426633834839,0.49880075454711914
593,37.8129,-122.286,2.782400608062744,0.653458833694458
594,37.7889,-122.255,0.0,0.0
595,37.7853,-122.245,1.586780309677124,0.9766936302185059
596,37.7649,-122.218,1.5889778137207031,0.904632568359375
597,37.7691,-122.229,0.0,0.0
598,37.7772,-122.238,2.622041940689087,0.8054342269897461
599,37.7883,-122.216,6.320789813995361,2.969818592071533
600,37.7445,-122.158,5.600395202636719,3.6253652572631836
601,37.7601,-122.17,3.953446388244629,2.2291548252105713
602,37.7657,-122.176,5.6086249351501465,0.9453182220458984
603,37.7732,-122.184,3.870959997177124,3.958240509033203
604,37.8043,-122.216,5.81514835357666,6.0250654220581055
605,37.8247,-122.261,4.576826095581055,1.23228120803833
606,37.7909,-122.203,4.700016021728516,3.57881498336792
607,37.8083,-122.264,1.6830766201019287,0.8351836204528809
608,37.8113,-122.262,1.348212480545044,0.6737643480300903
609,37.8096,-122.248,1.6872131824493408,0.6446436643600464
610,37.7999,-122.256,1.3492381572723389,0.603467583656311
611,37.8334,-122.276,3.7025580406188965,0.07484555244445801
612,37.8372,-122.269,3.1158180236816406,0.0982980728149414
613,37.8188,-122.272,2.6517601013183594,0.9583028554916382
614,37.7886,-122.22,4.789207935333252,4.1799468994140625
615,37.7906,-122.224,4.40334415435791,3.4381587505340576
616,37.7896,-122.222,4.589513301849365,3.211956739425659
617,37.8259,-122.267,4.066349506378174,2.3219234943389893
618,37.8256,-122.266,4.3136820793151855,2.590916633605957
619,37.8252,-122.264,4.449209213256836,2.3046436309814453
620,37.8322,-122.268,3.656468391418457,0.7205688953399658
621,37.8451,-122.265,1.877568006515503,0.8074151277542114
622,37.7551,-122.186,2.9377639293670654,1.1325814723968506
623,41.6811,-87.0074,,
624,41.6831,-87.003,,
625,41.6931,-86.9615,3.8619399070739746,9.450349807739258
626,41.6974,-86.9618,,
627,41.6566,-87.0479,0.7046976089477539,0.849545955657959
628,41.6598,-87.0511,,
629,41.6569,-87.0607,,
630,41.6597,-87.0619,,
631,41.6594,-87.0651,,
632,41.6541,-87.0674,1.2553431987762451,2.3638339042663574
633,41.6591,-87.0695,,
634,41.6569,-87.0748,13.907327651977539,23.251811981201172
635,41.6227,-87.2201,5.486400127410889,7.193639755249023
636,41.615,-87.2228,10.023411750793457,10.660999298095703
637,41.6198,-87.2163,21.183000564575195,28.057323455810547
638,41.6547,-87.0094,5.623010635375977,14.345684051513672
639,41.6564,-87.0096,1.7095470428466797,4.051061630249023
640,41.6615,-87.0095,2.439199924468994,3.8833718299865723
641,41.6625,-87.0097,1.5209519863128662,1.0325759649276733
642,41.6798,-87.0097,,
643,41.6774,-87.0096,,
644,41.6754,-87.0097,,
645,41.7037,-86.9396,12.175477027893066,11.148885726928711
646,41.7031,-86.9438,,
647,41.7011,-86.9554,,
648,35.6854,-90.5714,3.325382947921753,2.949791669845581
649,35.5794,-90.4835,4.037425994873047,2.8648152351379395
650,35.5593,-90.5375,3.1912178993225098,2.053725242614746
651,35.513,-90.3581,5.038343906402588,2.429997682571411
652,35.5697,-90.322,3.709415912628174,3.0824172496795654
653,35.5139,-90.4531,4.843170166015625,3.6349639892578125
654,35.5384,-90.5552,3.3727643489837646,1.457270860671997
655,35.5503,-90.6086,3.555405616760254,3.5111305713653564
656,35.6055,-90.6004,5.5016398429870605,3.7345199584960938
657,35.6347,-90.5667,2.366682291030884,1.4906352758407593
658,36.1323,-89.9584,2.4434800148010254,1.1497056484222412
659,36.0089,-89.9587,5.0009660720825195,3.6762466430664062
660,36.0307,-89.9585,3.4106335639953613,2.904531478881836
661,36.0598,-89.9582,2.4128730297088623,1.0813751220703125
662,36.1034,-89.9585,2.384145498275757,0.4249587059020996
663,36.0145,-89.7881,3.789273500442505,2.3798024654388428
664,36.0064,-89.7882,3.6408820152282715,1.351940631866455
665,36.0005,-89.784,3.99288010597229,2.029327869415283
666,36.0087,-89.7702,3.8369240760803223,2.634614944458008
667,36.0279,-89.7703,3.877732276916504,3.168567657470703
668,36.0159,-89.7659,3.5422840118408203,1.8002703189849854
669,36.074,-89.7661,3.789273500442505,2.216765880584717
670,36.0883,-89.7176,3.259835958480835,1.3785340785980225
671,36.0961,-89.695,3.9002208709716797,1.68086838722229
672,36.1325,-89.7042,3.1656527519226074,1.9833824634552002
673,36.1765,-89.7234,3.1656527519226074,1.9833824634552002
674,36.1922,-89.7,3.6139121055603027,1.3448209762573242
675,36.3018,-89.6892,4.507991790771484,2.433596134185791
676,36.3056,-89.7081,3.7431344985961914,3.116642951965332
677,36.387,-89.7379,3.892296075820923,1.2030205726623535
678,36.3788,-89.8155,3.027679920196533,0.9467329978942871
679,36.3285,-89.8087,3.2136080265045166,0.7424929141998291
680,36.3802,-89.9352,2.6700239181518555,0.5376608371734619
681,37.9806,-87.7167,6.400400161743164,7.811680316925049
682,38.1937,-87.9066,4.662226676940918,8.200331687927246
683,38.1305,-87.936,4.96950101852417,6.233510971069336
684,46.4708,-96.9739,5.489999771118164,3.049999952316284
685,46.4708,-97.0405,3.049999952316284,3.6599998474121094
686,46.4708,-97.1554,2.740000009536743,1.114725947380066
687,46.4273,-97.2183,2.280967950820923,0.6139363050460815
688,46.4709,-96.8937,3.049999952316284,3.6599998474121094
689,46.4706,-97.1384,2.1600000858306885,1.21999990940094
690,46.4563,-97.1763,2.130000114440918,1.1509679555892944
691,46.3982,-97.2604,2.0778439044952393,0.8412034511566162
692,46.4128,-97.239,2.0400638580322266,0.3999361991882324
693,46.4417,-97.1973,2.130000114440918,1.212127923965454
694,46.4705,-97.1078,2.740000009536743,4.43941068649292
695,46.4705,-97.0935,2.740000009536743,3.5282106399536133
696,46.471,-97.0719,3.1699600219726562,4.268500328063965
697,46.4707,-97.0513,3.3014116287231445,3.359999656677246
698,46.4708,-96.9183,4.344900131225586,4.880000114440918
699,46.4707,-96.9298,4.724699974060059,4.028679847717285
700,46.4707,-96.9419,4.570000171661377,3.049999713897705
701,46.4707,-96.9535,3.3499999046325684,4.880000114440918
702,46.4707,-96.9889,3.6600000858306885,3.500800132751465
703,46.4708,-97.0054,5.4882001876831055,3.062997341156006
704,46.4707,-97.0203,5.4882001876831055,3.6601998805999756
705,46.4707,-97.1693,2.440000057220459,1.2255820035934448
706,46.4707,-97.1836,2.440000057220459,1.83305025100708
707,46.3982,-97.2749,2.1108269691467285,0.628127932548523
708,46.3983,-97.2476,2.130000114440918,1.0406649112701416
709,46.3983,-97.2346,2.3103840351104736,0.5817873477935791
710,46.3983,-97.2207,2.1108269691467285,0.6287280321121216
711,46.3984,-97.2081,2.130000114440918,1.2387279272079468
712,46.3984,-97.1808,2.440000057220459,0.9721560478210449
713,46.3983,-97.1623,2.440000057220459,1.21999990940094
714,46.3983,-97.1491,3.049999952316284,2.440000057220459
715,46.3983,-97.1353,2.439199924468994,0.9648406505584717
716,46.3983,-97.124,2.239818572998047,1.21999990940094
717,46.3983,-97.1108,2.440000057220459,1.973366141319275
718,46.3982,-97.0965,3.049999952316284,1.8651443719863892
719,46.3956,-97.0717,2.9677956104278564,2.959526538848877
720,46.3836,-97.0602,3.049999952316284,3.7318623065948486
721,46.3836,-97.0441,3.049999952316284,3.0500001907348633
722,46.3836,-97.0294,3.6600000858306885,3.379565715789795
723,46.3838,-97.2185,2.439199924468994,0.6197047233581543
724,46.3835,-97.0096,3.7200000286102295,3.9699997901916504
725,46.3837,-96.9955,3.8985707759857178,3.6322147846221924
726,46.3836,-96.9837,3.9600000381469727,5.705918312072754
727,46.3838,-96.9566,3.3381447792053223,3.9600000381469727
728,46.4127,-97.2183,2.0778439044952393,0.7561715841293335
729,46.3837,-96.9359,3.6550002098083496,3.9600000381469727
730,46.3837,-96.9152,3.8112001419067383,5.3576154708862305
731,46.3837,-96.8963,2.740799903869629,3.9600000381469727
732,46.3839,-96.8721,3.049999952316284,3.9601497650146484
733,46.3839,-96.835,8.05505084991455,7.619999408721924
734,46.471,-96.8345,6.099999904632568,4.2599992752075195
735,46.4999,-96.7478,6.710000038146973,5.741726398468018
736,46.4999,-96.7853,5.179999828338623,3.997499942779541
737,46.4999,-96.8277,6.710000038146973,6.4212799072265625
738,46.4889,-96.8414,5.179999828338623,3.415069580078125
739,46.4706,-96.82,8.654999732971191,8.643484115600586
740,46.4711,-96.7991,4.133806228637695,3.6599998474121094
741,46.485,-96.8203,4.269999980926514,4.880000114440918
742,46.4782,-96.8411,6.099999904632568,4.120907783508301
743,46.4708,-96.7361,5.898494720458984,5.4800004959106445
744,46.4708,-96.7515,3.6600000858306885,2.619999885559082
745,46.4708,-96.7709,4.909999847412109,6.703000068664551
746,46.4275,-96.7426,3.6600000858306885,2.929999828338623
747,46.4275,-96.7611,5.179999828338623,6.477399826049805
748,46.4275,-96.7936,8.229999542236328,5.451288223266602
749,46.4275,-96.8257,6.099999904632568,6.090000152587891
750,46.4201,-96.8197,6.099999904632568,5.142708778381348
751,46.4055,-96.8198,4.570000171661377,3.4100000858306885
752,46.3984,-96.8284,4.339105129241943,3.59220027923584
753,46.4274,-96.809,4.940000057220459,3.9599997997283936
754,46.4927,-96.8205,4.570000171661377,4.569999694824219
755,46.4999,-96.7682,6.198872089385986,9.189983367919922
756,46.4564,-96.7428,3.6600000858306885,3.569999933242798
757,46.4418,-96.7465,3.8500001430511475,3.843287944793701
758,46.4183,-96.7987,5.179999828338623,4.093387603759766
759,46.4706,-97.124,2.440000057220459,1.4990999698638916
760,34.0626,-117.3,16.215360641479492,20.454875946044922
761,34.0522,-117.217,28.22956085205078,36.1884651184082
762,34.081,-117.155,31.853126525878906,41.55128860473633
763,34.0812,-117.178,69.73078918457031,17.057830810546875
764,34.0776,-117.216,28.610000610351562,32.9329833984375
765,34.0557,-117.226,24.91787338256836,36.28288269042969
766,34.0048,-117.168,24.792430877685547,34.408870697021484
767,34.0187,-117.189,0.0,8.656632423400879
768,34.0275,-117.203,0.0,4.315163612365723
769,34.145,-117.343,25.328880310058594,42.148250579833984
770,34.1491,-117.385,14.861466407775879,19.50779914855957
771,34.1284,-117.359,31.608060836791992,37.608619689941406
772,34.1635,-117.279,53.144020080566406,12.593856811523438
773,34.1493,-117.282,54.254398345947266,34.190528869628906
774,34.114,-117.311,41.3813591003418,14.083757400512695
775,34.1075,-117.344,41.49784851074219,58.56837463378906
776,34.1074,-117.283,7.245878219604492,20.45271110534668
777,34.1032,-117.255,6.979959964752197,18.46421241760254
778,34.0712,-117.263,10.488821029663086,16.334426879882812
779,34.0775,-117.295,10.973366737365723,5.821171760559082
780,34.0865,-117.302,15.288769721984863,8.656298637390137
781,34.0806,-117.197,36.465579986572266,35.30276107788086
782,34.0745,-117.243,28.22956085205078,4.728984832763672
783,34.0376,-117.211,38.66595458984375,37.70588684082031
784,34.0461,-117.221,30.623273849487305,26.49588394165039
785,34.0466,-117.213,31.302513122558594,30.84728240966797
786,34.0533,-117.221,28.154632568359375,24.667503356933594
787,34.0633,-117.23,21.448780059814453,36.28288269042969
788,34.1216,-117.283,38.92905807495117,16.088884353637695
789,34.0702,-117.29,12.904851913452148,13.747396469116211
790,34.0686,-117.286,17.964656829833984,15.081884384155273
791,34.065,-117.285,18.365447998046875,15.570199012756348
792,34.0804,-117.283,13.410599708557129,5.9359025955200195
793,34.0868,-117.275,7.619999885559082,12.585733413696289
794,34.0979,-117.262,18.15966796875,21.20064926147461
795,34.0937,-117.286,11.406525611877441,11.174325942993164
796,34.1047,-117.282,15.288089752197266,20.028148651123047
797,34.0789,-117.301,15.139707565307617,15.486886978149414
798,34.069,-117.299,12.94968032836914,14.299885749816895
799,34.081,-117.293,14.830873489379883,22.845855712890625
800,34.0617,-117.292,9.862058639526367,6.813482284545898
801,34.0564,-117.308,16.215360641479492,12.568148612976074
802,34.0448,-117.319,12.787147521972656,15.731441497802734
803,34.0481,-117.313,16.215360641479492,12.297283172607422
804,34.0932,-117.333,17.945205688476562,24.830638885498047
805,34.1025,-117.338,36.60698318481445,42.57079315185547
806,34.1163,-117.351,48.05476760864258,50.67605972290039
807,34.1021,-117.304,22.1350040435791,16.408447265625
808,34.1271,-117.321,46.939598083496094,37.56659698486328
809,34.0606,-117.255,12.606833457946777,10.286089897155762
810,34.052,-117.253,23.88759994506836,26.070575714111328
811,34.0414,-117.247,26.1090030670166,27.904064178466797
812,34.0682,-117.28,18.20918846130371,7.657613754272461
813,34.0686,-117.275,13.893497467041016,16.328937530517578
814,34.0711,-117.253,21.338001251220703,15.907105445861816
815,34.0774,-117.29,10.987638473510742,15.698410034179688
816,34.0744,-117.293,12.985309600830078,30.43996810913086
817,34.1186,-117.297,30.337915420532227,24.840843200683594
818,34.1224,-117.296,44.46746063232422,52.825103759765625
819,34.1166,-117.292,16.540515899658203,16.862014770507812
820,34.12,-117.3,44.41924285888672,54.07670974731445
821,34.1161,-117.299,31.13279914855957,24.56821060180664
822,34.1104,-117.346,36.38813400268555,50.05729293823242
823,34.0838,-117.28,14.453953742980957,14.020401000976562
824,34.0871,-117.289,15.701009750366211,13.432389259338379
825,34.0913,-117.27,14.66392993927002,14.131179809570312
826,34.1,-117.284,9.647623062133789,25.535499572753906
827,34.1147,-117.283,21.70500946044922,17.908523559570312
828,34.1187,-117.284,33.800804138183594,23.053354263305664
829,34.1195,-117.294,28.624706268310547,24.840843200683594
830,34.1185,-117.315,41.3813591003418,25.787670135498047
831,34.1093,-117.308,37.027870178222656,22.760183334350586
832,34.056,-117.254,20.698156356811523,16.35250473022461
833,34.0447,-117.248,30.623273849487305,25.81656265258789
834,34.0441,-117.243,37.479736328125,22.473365783691406
835,34.0399,-117.243,51.2322998046875,56.347015380859375
836,34.0943,-117.302,14.679166793823242,5.9725542068481445
837,34.1424,-117.281,47.52238464355469,35.082977294921875
838,34.1549,-117.282,51.363136291503906,5.081062316894531
839,34.1363,-117.281,60.350399017333984,40.57829666137695
840,34.1319,-117.283,54.254398345947266,40.837310791015625
841,34.126,-117.283,54.254398345947266,29.103443145751953
842,34.129,-117.283,54.254398345947266,36.34739685058594
843,34.1586,-117.282,53.144020080566406,27.225204467773438
844,34.1375,-117.335,38.92905807495117,53.29106140136719
845,34.1541,-117.349,20.61510467529297,41.30702209472656
846,34.1355,-117.365,15.611860275268555,17.704498291015625
847,34.1372,-117.369,18.358863830566406,54.963356018066406
848,34.1432,-117.375,14.757400512695312,20.925092697143555
849,34.0807,-117.168,36.38245391845703,54.18838882446289
850,34.0811,-117.19,36.465579986572266,53.598716735839844
851,34.0819,-117.208,36.465579986572266,21.946170806884766
852,34.0753,-117.225,21.338001251220703,40.43345642089844
853,34.1067,-117.242,23.160114288330078,17.325511932373047
854,34.0692,-117.283,8.892387390136719,16.368824005126953
855,34.0462,-117.035,103.54885864257812,28.604026794433594
856,34.0128,-117.035,85.19623565673828,37.96693420410156
857,34.4645,-117.361,110.76216125488281,115.1592788696289
858,34.4644,-117.358,96.27987670898438,111.23703002929688
859,34.4609,-117.361,143.6064910888672,45.63446044921875
860,34.4606,-117.365,0.0,0.0
861,34.4641,-117.365,136.4857177734375,91.272216796875
862,34.5958,-117.542,22.48857879638672,22.618799209594727
863,34.5695,-117.542,39.79547119140625,18.43000030517578
864,34.543,-117.542,85.64749145507812,66.73291015625
865,34.5215,-117.542,114.35232543945312,45.798744201660156
866,34.4898,-117.619,42.81690979003906,147.6367950439453
867,34.5122,-117.629,127.55262756347656,43.14994812011719
868,34.5161,-117.63,114.35232543945312,39.27948760986328
869,34.4675,-117.359,118.48947143554688,115.17477416992188
870,34.4671,-117.357,0.0,0.0
871,34.422,-117.403,0.0,0.0
872,34.1398,-116.274,94.61195373535156,49.62651824951172
873,34.1407,-116.276,0.0,0.0
874,34.1418,-116.274,101.13211822509766,45.28679656982422
875,34.1398,-116.276,95.64973449707031,44.916297912597656
876,34.1362,-116.301,113.12965393066406,94.31840515136719
877,34.1361,-116.302,112.46063995361328,90.00941467285156
878,34.1419,-116.245,59.310001373291016,21.860912322998047
879,34.1454,-116.29,101.13211822509766,83.98542022705078
880,34.0885,-116.281,30.479999542236328,59.75517272949219
881,34.0885,-116.279,56.33197021484375,57.50082015991211
882,34.0899,-116.281,58.810001373291016,45.763057708740234
883,34.1411,-116.292,101.13211822509766,82.091796875
884,34.1417,-116.332,50.58818817138672,127.48249816894531
885,34.5171,-117.571,120.97509765625,4.7041015625
886,34.5138,-117.603,127.55262756347656,32.241912841796875
887,37.4324,-122.1646,11.989568710327148,7.94525146484375
888,37.4515,-122.1156,2.18182373046875,0.9936480522155762
889,37.4394,-122.1153,1.3858304023742676,1.3253718614578247
890,37.4364,-122.1186,1.2618720531463623,0.7774533033370972
891,37.456,-122.1175,1.5863146781921387,1.275588035583496
892,37.4531,-121.9154,2.2806661128997803,1.1029646396636963
893,37.4432,-121.9121,2.244617462158203,1.1383136510849
894,37.4252,-121.8747,9.287237167358398,7.639553070068359
895,37.423,-121.8806,9.69666862487793,7.176523208618164
896,37.4299,-121.9146,1.877568006515503,0.7587510347366333
897,37.4231,-121.9286,2.387092113494873,1.0498716831207275
898,37.4245,-121.924,4.355591773986816,2.14762282371521
899,37.4306,-122.1297,2.6567130088806152,1.2448921203613281
900,37.4192,-121.9462,2.225382089614868,1.0550931692123413
901,37.4191,-121.9497,2.2959060668945312,0.9296942949295044
902,37.4109,-121.9949,2.079498052597046,0.6473329067230225
903,37.3957,-122.0217,2.6695399284362793,0.9563100337982178
904,37.3966,-121.9994,3.158066749572754,0.536109209060669
905,37.3869,-122.0135,2.673004627227783,0.7347474098205566
906,37.3762,-122.0393,10.05383014678955,4.505913734436035
907,37.3821,-122.0267,7.1647047996521,2.460421562194824
908,37.3922,-121.9824,2.430398941040039,0.8560118675231934
909,37.4123,-122.0987,2.7195780277252197,0.8280220031738281
910,37.4051,-122.0832,2.606001853942871,2.1614890098571777
911,37.4021,-122.0657,3.0352365970611572,0.4117848873138428
912,37.4047,-122.076,2.757716178894043,0.5715000629425049
913,37.3957,-122.0217,2.6695399284362793,0.9563100337982178
914,37.4496,-122.1459,3.6641221046447754,2.4019415378570557
915,37.3945,-122.0597,7.195534706115723,3.743417739868164
916,37.3999,-121.9942,2.4153950214385986,0.5760338306427002
917,37.4106,-121.9865,0.0,0.0
918,37.4102,-121.9598,3.4447779655456543,1.7598390579223633
919,37.4127,-121.9265,3.3822641372680664,1.9614267349243164
920,37.4166,-121.9317,2.8803598880767822,1.399489164352417
921,37.422,-121.9763,3.0447235107421875,1.6705169677734375
922,37.4078,-121.9767,4.033046722412109,2.798741340637207
923,37.3951,-121.987,0.0,0.0
924,37.3669,-121.91,2.3840439319610596,0.538733959197998
925,37.3545,-121.941,3.9336233139038086,2.229937791824341
926,37.3273,-122.0044,20.456417083740234,2.9206485748291016
927,37.3595,-121.9745,2.8098206520080566,1.5293023586273193
928,37.4209,-122.0822,2.179475784301758,1.1639686822891235
929,37.4014,-121.9685,2.450265407562256,0.9800748825073242
930,37.3914,-121.9569,2.8056840896606445,1.1890203952789307
931,37.3903,-121.9456,2.848356008529663,0.29070305824279785
932,37.3689,-121.9346,3.2579309940338135,3.220489740371704
933,37.3633,-121.9374,3.489959955215454,1.8380870819091797
934,37.3552,-121.9266,2.801111936569214,0.9953739643096924
935,37.3597,-121.9178,8.284461975097656,3.295226573944092
936,37.4176,-122.019,0.0,0.0
937,37.412,-122.0202,2.3966171741485596,0.8300931453704834
938,37.4299,-121.9802,,
939,37.357,-121.9156,5.235193729400635,1.7861275672912598
940,37.426,-121.9267,3.3722214698791504,2.391897201538086
941,37.4329,-121.9287,2.710052967071533,1.4479238986968994
942,37.4053,-121.9243,3.3200974464416504,2.171623945236206
943,37.3974,-121.9159,5.701283931732178,3.347787618637085
944,37.4052,-122.0439,3.3022541999816895,1.3866875171661377
945,37.4108,-122.0465,3.5514280796051025,4.487597465515137
946,37.4176,-122.05,2.585042715072632,1.14833402633667
947,37.4235,-122.053,1.2793219089508057,1.1707847118377686
948,37.4257,-122.0578,1.327750325202942,1.0060124397277832
949,37.3574,-121.9222,2.895911693572998,1.4393415451049805
950,37.3547,-121.9189,3.6758880615234375,1.935579776763916
951,37.3629,-121.928,3.4930078983306885,3.781895875930786
952,37.4049,-122.0484,3.4189035892486572,1.9147565364837646
953,37.4024,-122.0384,2.9279849529266357,0.9266302585601807
954,37.4269,-122.0413,1.2816840410232544,0.9034792184829712
955,37.4275,-122.0683,1.894862174987793,1.9408890008926392
956,37.346,-121.9079,4.1026082038879395,1.836425542831421
957,37.3766,-121.8901,4.069079875946045,2.438377857208252
958,37.3243,-121.8639,5.29548978805542,3.7219595909118652
959,37.3342,-121.8987,0.0,0.0
960,37.3285,-121.8928,0.0,0.0
961,37.3514,-121.8839,3.1763546466827393,1.0965180397033691
962,37.3573,-121.8754,4.660391807556152,3.024348258972168
963,37.3557,-121.8761,4.991100311279297,2.3866374492645264
964,37.3473,-121.8721,7.027925968170166,3.206496238708496
965,37.3342,-121.8682,6.915000915527344,4.844341278076172
966,37.377,-121.8944,6.1963300704956055,2.258965492248535
967,37.4257,-121.9668,2.0908010005950928,1.1392450332641602
968,37.3712,-121.8324,7.70460844039917,3.903247356414795
969,37.3445,-121.8776,3.821683883666992,1.8272759914398193
970,37.3647,-121.8901,4.232632637023926,1.2283439636230469
971,37.3751,-121.9053,3.5559608936309814,0.9349856376647949
972,37.3719,-121.8825,4.050876617431641,1.7218825817108154
973,37.356,-121.8601,1.87642502784729,0.4036678075790405
974,37.3764,-121.8733,4.0495219230651855,3.0401506423950195
975,37.3823,-121.8659,9.087738990783691,5.804491996765137
976,37.3879,-121.8556,20.857460021972656,0.9326915740966797
977,37.4022,-121.8272,0.0,0.0
978,37.3937,-121.8471,11.350749969482422,23.650487899780273
979,37.3915,-121.8885,3.8804850578308105,2.103271007537842
980,37.4055,-121.8595,14.985489845275879,6.652005195617676
981,37.3367,-121.8695,21.211336135864258,16.948284149169922
982,37.2768,-121.9441,12.190999984741211,25.001556396484375
983,37.3163,-121.9032,10.305288314819336,1.6767263412475586
984,37.3178,-121.9435,15.194086074829102,7.897573471069336
985,37.3777,-121.9363,4.526851654052734,1.422008991241455
986,37.316,-121.7973,6.9463677406311035,9.597297668457031
987,37.4587,-122.1046,,
988,37.4524,-122.1351,3.391204833984375,0.9655489921569824
989,37.4524,-122.1351,3.391204833984375,0.9655489921569824
990,37.3346,-122.0649,11.650965690612793,12.733161926269531
991,37.3999,-122.1192,7.3969879150390625,6.722681999206543
992,37.383,-122.1,17.86128044128418,8.775172233581543
993,37.3374,-122.0505,39.701725006103516,14.155414581298828
994,37.3447,-122.0449,29.75677490234375,17.55292510986328
995,37.3521,-122.0648,23.16175079345703,12.11390495300293
996,37.3588,-122.055,27.395423889160156,13.102205276489258
997,37.3384,-122.0153,20.369367599487305,9.453010559082031
998,37.3373,-121.9914,12.006669998168945,2.1871566772460938
999,37.3424,-121.9437,6.22260046005249,3.837124824523926
1000,37.331,-121.953,8.649372100830078,3.8611841201782227
1001,37.3137,-121.9487,18.791791915893555,4.351018905639648
1002,37.301,-121.9481,20.124420166015625,4.570926666259766
1003,37.3053,-121.9335,22.613874435424805,4.593469619750977
1004,37.2824,-121.9245,19.429019927978516,18.313190460205078
1005,37.2815,-121.9057,9.442001342773438,13.061234474182129
1006,37.2868,-121.8791,15.759466171264648,7.059928894042969
1007,37.3044,-121.877,8.25171947479248,4.521327972412109
1008,37.3822,-121.9699,2.7765586376190186,2.069591999053955
1009,37.3907,-121.968,0.0,0.0
1010,37.4145,-121.9393,2.356611967086792,0.8567721843719482
1011,37.3505,-121.8562,2.9477744102478027,4.3702287673950195
1012,37.341,-121.837,3.5821619033813477,1.4937376976013184
1013,37.3124,-121.8215,7.002068996429443,9.381246566772461
1014,37.385,-121.9147,2.603182554244995,0.612962007522583
1015,37.4052,-121.9342,2.5300674438476562,1.545107364654541
1016,38.6204,-90.1625,8.100020408630371,7.453680038452148
1017,38.8558,-90.2123,7.108517646789551,9.295360565185547
1018,45.9584,-86.2934,5.179999828338623,6.129839897155762
1019,45.9675,-86.3062,3.6600000858306885,7.503795146942139
1020,45.9652,-86.3031,3.75,3.960400104522705
1021,45.9629,-86.2999,4.269999980926514,5.898370742797852
1022,45.9607,-86.2967,2.740000009536743,4.032591342926025
1023,45.9181,-86.3127,3.4533331394195557,4.270599842071533
1024,45.925,-86.2974,3.0480000972747803,3.965390920639038
1025,45.9388,-86.283,3.703320264816284,6.58197021484375
1026,45.9568,-86.2613,4.570000171661377,6.9517822265625
1027,45.9551,-86.2693,4.570000171661377,7.619100093841553
1028,45.9651,-86.2704,3.3499999046325684,7.199394702911377
1029,35.0198,-90.4376,5.042393684387207,2.784130096435547
1030,35.049,-90.4376,5.120639801025391,4.554360389709473
1031,37.7869,-122.3893,,
1032,37.7978,-122.477,,
1033,37.4562,-122.1726,9.242694854736328,0.22148799896240234
1034,37.5558,-122.2477,,
1035,37.5558,-122.2477,,
1036,37.4232,-122.2014,7.898341655731201,5.977911472320557
1037,37.4562,-122.1726,9.242694854736328,0.22148799896240234
1038,37.4549,-122.17,12.311161994934082,2.9172258377075195
1039,37.4549,-122.1694,12.264898300170898,3.077916145324707
1040,37.4545,-122.1685,11.271133422851562,3.0817556381225586
1042,37.4519,-122.1677,11.271133422851562,3.173924446105957
1043,37.672,-122.4539,0.0,0.0
1044,37.6694,-122.4511,4.317086219787598,4.180654525756836
1045,37.6842,-122.4682,9.537592887878418,1.5698108673095703
1046,37.6747,-122.4593,4.145718097686768,4.8122429847717285
1047,38.2341,-122.1628,4.267199993133545,5.481374263763428
1048,35.1098,-120.6254,,
1049,35.1099,-120.6252,,
1050,35.11,-120.625,,
1051,35.1101,-120.6248,,
1052,35.1043,-120.6299,,
1053,35.1043,-120.6288,,
1054,35.1044,-120.6284,,
1055,35.1046,-120.6278,,
1056,35.1079,-120.6239,,
1057,35.1078,-120.6247,,
1058,35.1077,-120.6248,,
1059,35.1086,-120.6245,,
1060,35.1085,-120.6247,,
1061,35.1084,-120.625,,
1062,35.1078,-120.6242,,
1063,35.1091,-120.6253,,
1064,35.1093,-120.6249,,
1065,35.1089,-120.6223,,
1066,35.1108,-120.6215,4.783531188964844,4.584018230438232
1067,35.11,-120.623,,
1068,35.1051,-120.6292,,
1069,35.1033,-120.6311,,
1070,35.104,-120.6312,,
1071,35.1051,-120.6285,,
1072,35.1053,-120.6278,,
1073,35.1037,-120.6259,,
1074,35.1016,-120.6246,2.0138392448425293,0.7967430353164673
1075,35.1002,-120.6189,2.396172523498535,1.2623043060302734
1076,35.1055,-120.6268,,
1077,35.1094,-120.628,,
1078,35.1097,-120.6264,,
1079,35.1073,-120.6267,,
1080,35.1082,-120.6279,,
1081,35.0981,-120.6186,2.7217369079589844,1.1718037128448486
1082,35.0983,-120.6191,2.880645751953125,1.2048966884613037
1083,35.0978,-120.6181,0.0,0.0
1084,36.801,-89.7472,2.5481278896331787,0.8010144233703613
1085,36.7144,-89.7474,2.605531930923462,0.9638643264770508
1086,35.1946,-89.9873,12.971733093261719,15.278825759887695
1087,35.1925,-89.9567,12.986572265625,15.155608177185059
1088,35.196,-89.9444,13.378687858581543,13.581323623657227
1089,35.1703,-89.9003,12.508962631225586,16.459199905395508
1090,35.1875,-89.909,12.576984405517578,18.821582794189453
1091,35.1997,-89.9238,19.776382446289062,23.768184661865234
1092,35.1912,-89.9183,8.614911079406738,14.494601249694824
1093,35.1866,-89.9146,9.140000343322754,15.408259391784668
1094,35.1568,-89.8815,22.763988494873047,16.526493072509766
1095,35.1341,-89.8661,13.67818832397461,12.608999252319336
1096,35.1336,-89.8538,9.142000198364258,9.11961555480957
1097,35.1431,-89.8579,11.702159881591797,13.759624481201172
1098,35.1289,-89.8364,17.37179946899414,12.964601516723633
1099,35.1184,-89.8022,14.020000457763672,15.923349380493164
1100,35.1,-89.7658,22.860000610351562,18.289249420166016
1101,35.1037,-89.7507,21.123821258544922,12.190000534057617
1102,35.1045,-89.7316,22.814281463623047,16.941787719726562
1103,35.098,-89.7212,18.937931060791016,17.143798828125
1104,35.1015,-89.7151,24.3799991607666,18.298526763916016
1105,35.0911,-89.7024,23.733760833740234,13.780197143554688
1106,35.0783,-89.6519,24.229999542236328,19.880578994750977
1107,35.0072,-89.9757,25.600000381469727,21.33300018310547
1108,34.6314,-90.2327,6.705066680908203,6.390023231506348
1109,34.6344,-90.2365,4.577777862548828,2.2599997520446777
1110,34.8298,-90.2122,3.9428181648254395,1.7979323863983154
1111,34.8011,-90.2289,3.9932918548583984,1.5532798767089844
1112,34.7876,-90.2903,0.0,0.0
1113,34.8098,-90.2903,4.072563648223877,2.9817748069763184
1114,34.8028,-90.2729,4.524317741394043,2.4405999183654785
1115,34.7727,-90.3046,5.131857872009277,1.8485708236694336
1116,34.7952,-90.3267,4.710596084594727,2.1317996978759766
1117,34.8399,-90.3608,10.683358192443848,10.787521362304688
1118,34.8353,-90.3581,5.987182140350342,5.394862174987793
1119,34.7097,-90.4609,9.140000343322754,9.3280611038208
1120,34.713,-90.4211,5.4882001876831055,2.627877950668335
1121,34.7142,-90.2662,0.0,0.0
1122,34.6436,-90.3406,5.836576461791992,3.2406845092773438
1123,34.6833,-90.3182,5.486400127410889,3.4043617248535156
1124,34.6345,-90.3405,4.577777862548828,1.572709083557129
1125,34.5688,-90.3568,0.0,0.0
1126,34.5833,-90.3452,5.179999828338623,2.141584873199463
1127,34.5243,-90.4367,5.678584098815918,2.8260011672973633
1128,34.5106,-90.4106,5.648579120635986,2.0302114486694336
1129,34.5608,-90.4608,5.461572647094727,3.6422691345214844
1130,34.6846,-90.3519,4.571499824523926,3.9891653060913086
1131,34.6705,-90.3444,5.97622013092041,3.8386621475219727
1132,34.681,-90.3365,4.571000099182129,2.437999963760376
1133,34.7285,-90.3682,3.6600000858306885,3.6939735412597656
1134,34.787,-90.3927,3.953874111175537,1.3871638774871826
1135,34.7724,-90.3579,4.876800060272217,2.437999963760376
1136,34.7356,-90.4488,0.0,0.0
1137,34.7741,-90.2467,4.009985446929932,0.9100000858306885
1138,34.7438,-90.2455,4.570000171661377,2.4405999183654785
1139,34.5836,-90.2334,5.180799961090088,3.9610002040863037
1140,34.67,-90.2364,4.876800060272217,2.186354637145996
1141,34.6997,-90.2527,4.878399848937988,2.437999963760376
1142,34.6699,-90.4093,8.229599952697754,16.76850128173828
1143,34.6575,-90.4281,5.155313014984131,1.6065750122070312
1144,34.5936,-90.468,4.269999980926514,1.747375249862671
1145,34.5429,-90.3332,5.334000110626221,2.3335235118865967
1146,34.5248,-90.3926,5.179999828338623,1.5299997329711914
1147,34.7509,-90.3162,4.880000114440918,3.0511999130249023
1148,34.6179,-89.9475,18.28900146484375,17.210817337036133
1149,34.7021,-89.9702,24.381999969482422,14.707499504089355
1150,33.2904,-92.4836,30.42782211303711,25.226755142211914
1151,33.2945,-92.4752,13.362431526184082,15.595287322998047
1152,33.3179,-92.5031,10.71524429321289,26.845050811767578
1153,33.3252,-92.5258,0.0,0.0
1154,33.3307,-92.528,7.27176570892334,8.499166488647461
1155,33.3363,-92.5367,10.64267635345459,30.29051971435547
1156,33.1587,-92.1135,6.0960001945495605,5.532658100128174
1157,33.1512,-92.1127,4.267199993133545,4.273972511291504
1158,33.1476,-92.1573,5.789999961853027,6.172199726104736
1159,33.2993,-92.3523,9.144000053405762,16.116233825683594
1160,33.032,-92.0898,6.400000095367432,11.518739700317383
1161,33.0297,-92.0983,7.265503883361816,10.058399200439453
1162,33.0308,-92.1079,7.924799919128418,13.541799545288086
1163,33.038,-92.1131,7.010200023651123,10.133999824523926
1164,33.0474,-92.1181,7.619999885559082,7.222287654876709
1165,33.055,-92.1258,7.619999885559082,7.44315767288208
1166,33.2859,-92.3612,6.059565544128418,6.638399600982666
1167,33.2808,-92.3745,7.729251384735107,15.120316505432129
1168,37.9278,-87.4928,4.570500373840332,5.083990097045898
1169,37.9329,-87.4714,4.878399848937988,4.151069164276123
1170,37.9463,-87.4712,5.650691986083984,7.816953182220459
1171,37.951,-87.5722,6.135550022125244,4.562994956970215
1172,37.9411,-87.568,5.4882001876831055,6.102298736572266
1173,37.9318,-87.5595,5.301822662353516,5.967499732971191
1174,37.9294,-87.5023,4.690830230712891,5.987159252166748
1175,37.9072,-87.512,6.0980000495910645,7.409842014312744
1176,37.9155,-87.5278,3.7205920219421387,6.17194938659668
1177,37.9229,-87.5453,5.180799961090088,4.265480041503906
1178,37.9913,-87.4582,4.571000099182129,9.444279670715332
1179,37.9765,-87.4735,4.878399848937988,7.620200157165527
1180,37.9894,-87.4738,3.68289852142334,4.888480186462402
1181,38.0275,-87.4714,7.8002400398254395,8.494450569152832
1182,37.984,-87.4774,4.908601760864258,7.206759929656982
1183,37.9775,-87.488,5.204170227050781,7.808176517486572
1184,37.9763,-87.5019,7.317600250244141,10.429976463317871
1185,37.9828,-87.5016,8.401668548583984,11.704469680786133
1186,37.988,-87.5017,5.345595836639404,7.401458740234375
1187,37.9732,-87.4519,5.180799961090088,7.505776405334473
1188,37.992,-87.5474,9.140000343322754,10.044641494750977
1189,38.008,-87.5264,8.53219985961914,9.223873138427734
1190,37.9892,-87.5277,8.101683616638184,10.347430229187012
1191,37.9843,-87.519,7.922399997711182,9.111759185791016
1192,37.981,-87.5528,9.29699993133545,12.332080841064453
1193,37.9873,-87.5623,10.402748107910156,11.92226791381836
1194,37.9856,-87.5779,8.821979522705078,8.165389060974121
1195,37.9824,-87.5855,9.109546661376953,7.027731895446777
1196,38.0381,-87.4728,5.456058025360107,5.397006988525391
1197,38.0495,-87.4738,5.854428291320801,7.312600135803223
1198,38.0349,-87.4919,4.878399848937988,5.249565124511719
1199,37.9797,-87.5937,5.660001277923584,6.3981146812438965
1200,37.984,-87.5816,7.69924783706665,7.374995231628418
1201,37.989,-87.5521,8.821979522705078,10.350503921508789
1202,37.9742,-87.5659,9.477293014526367,9.727649688720703
1203,37.9796,-87.6256,4.166131973266602,5.520726203918457
1204,37.9602,-87.6341,6.0980000495910645,8.901603698730469
1205,38.025,-87.5949,5.398241996765137,6.702800273895264
1206,38.0135,-87.5978,7.619999885559082,9.36727523803711
1207,38.0532,-87.505,0.0,0.0
1208,38.0281,-87.5405,6.0980000495910645,8.26907730102539
1209,37.9911,-87.4456,3.6588001251220703,4.571000099182129
1210,38.0058,-87.4454,3.9097042083740234,4.731009483337402
1211,38.0067,-87.4365,3.0485000610351562,4.727799892425537
1212,38.0201,-87.4365,4.868182182312012,8.724462509155273
1213,38.0274,-87.4274,5.650691986083984,8.322044372558594
1214,38.0885,-87.4658,5.180799961090088,5.2586798667907715
1215,38.0583,-87.4729,6.036040306091309,7.83463191986084
1216,37.9802,-87.4503,3.592287063598633,4.268599987030029
1217,38.0781,-87.4658,3.4100120067596436,4.596286773681641
1218,38.0677,-87.4659,6.136887550354004,5.881516456604004
1219,38.0523,-88.061,5.795766830444336,6.843879699707031
1220,36.9261,-89.1582,0.0,0.0
1221,37.8064,-122.316,,
1222,37.8081,-122.275,7.431024074554443,2.0410170555114746
