travelTimeMeta_ID,site_ID,status,c0,c1,c2,Misfit,comment
1,3228,Pending,,,,,
2,3229,Pending,,,,,
3,3230,Pending,,,,,
4,3231,Pending,,,,,
5,3232,Pending,,,,,
6,3233,Pending,,,,,
7,3234,Pending,,,,,
8,3235,Pending,,,,,
9,3236,Pending,,,,,
10,3237,Pending,,,,,
11,3238,Pending,,,,,
12,3239,Pending,,,,,
13,3240,Pending,,,,,
14,3241,Pending,,,,,
15,3242,Pending,,,,,
16,3243,Pending,,,,,
17,3244,Pending,,,,,
18,3245,Pending,,,,,
19,3246,Pending,,,,,
20,3247,Pending,,,,,
21,3248,Pending,,,,,
22,3249,Pending,,,,,
23,3250,Pending,,,,,
24,3251,Pending,,,,,
25,3252,Pending,,,,,
26,3253,Pending,,,,,
27,3254,Pending,,,,,
28,3255,Pending,,,,,
29,3256,Pending,,,,,
30,3257,Pending,,,,,
31,3258,Pending,,,,,
32,3259,Pending,,,,,
33,3260,Pending,,,,,
34,3261,Pending,,,,,
35,3262,Pending,,,,,
36,3263,Pending,,,,,
37,3264,Pending,,,,,
38,3265,Pending,,,,,
39,3266,Pending,,,,,
40,3267,Pending,,,,,
41,3268,Pending,,,,,
42,3269,Pending,,,,,
43,3270,Pending,,,,,
44,3271,Pending,,,,,
45,3272,Pending,,,,,
46,3273,Pending,,,,,
47,3274,Pending,,,,,
48,3275,Pending,,,,,
49,3276,Pending,,,,,
50,3277,Pending,,,,,
51,3278,Pending,,,,,
52,3279,Pending,,,,,
53,3280,Pending,,,,,
54,3281,Pending,,,,,
55,3282,Pending,,,,,
56,3283,Pending,,,,,
57,3284,Pending,,,,,
58,3285,Pending,,,,,
59,3286,Pending,,,,,
60,3287,Pending,,,,,
61,3288,Pending,,,,,
62,3289,Pending,,,,,
63,3290,Pending,,,,,
64,3291,Pending,,,,,
65,3292,Pending,,,,,
66,3293,Pending,,,,,
67,3294,Pending,,,,,
68,3295,Pending,,,,,
69,3296,Pending,,,,,
70,3297,Pending,,,,,
71,3298,Pending,,,,,
72,3299,Pending,,,,,
73,3300,Pending,,,,,
74,3301,Pending,,,,,
75,3302,Pending,,,,,
76,3303,Pending,,,,,
77,3304,Pending,,,,,
78,3305,Pending,,,,,
79,3306,Pending,,,,,
80,3307,Pending,,,,,
81,3308,Pending,,,,,
82,3309,Pending,,,,,
83,3310,Pending,,,,,
84,3311,Pending,,,,,
85,3312,Pending,,,,,
86,3313,Pending,,,,,
87,3314,Pending,,,,,
88,3315,Pending,,,,,
89,3316,Pending,,,,,
90,3317,Pending,,,,,
91,3318,Pending,,,,,
92,3319,Pending,,,,,
93,3320,Pending,,,,,
94,3321,Pending,,,,,
95,3322,Pending,,,,,
96,3323,Pending,,,,,
97,3324,Pending,,,,,
98,3325,Pending,,,,,
99,3326,Pending,,,,,
100,3327,Pending,,,,,
101,3328,Pending,,,,,
102,3329,Pending,,,,,
103,3330,Pending,,,,,
104,3331,Pending,,,,,
105,3332,Pending,,,,,
106,3333,Pending,,,,,
107,3334,Pending,,,,,
108,3335,Pending,,,,,
109,3336,Pending,,,,,
110,3337,Pending,,,,,
111,3338,Pending,,,,,
112,3339,Pending,,,,,
113,3340,Pending,,,,,
114,3341,Pending,,,,,
115,3342,Pending,,,,,
116,3343,Pending,,,,,
117,3344,Pending,,,,,
118,3345,Pending,,,,,
119,3346,Pending,,,,,
120,3347,Pending,,,,,
121,3348,Pending,,,,,
122,3349,Pending,,,,,
123,3350,Pending,,,,,
124,3351,Pending,,,,,
125,3352,Pending,,,,,
126,3353,Pending,,,,,
127,3354,Pending,,,,,
128,3355,Pending,,,,,
129,3356,Pending,,,,,
130,3357,Pending,,,,,
131,3358,Pending,,,,,
132,3359,Pending,,,,,
133,3360,Pending,,,,,
134,3361,Pending,,,,,
135,3362,Pending,,,,,
136,3363,Pending,,,,,
137,3364,Pending,,,,,
138,3365,Pending,,,,,
139,3366,Pending,,,,,
140,3367,Pending,,,,,
141,3368,Pending,,,,,
142,3369,Pending,,,,,
143,3370,Pending,,,,,
144,3371,Pending,,,,,
145,3372,Pending,,,,,
146,3373,Pending,,,,,
147,3374,Pending,,,,,
148,3375,Pending,,,,,
149,3376,Pending,,,,,
150,3377,Pending,,,,,
151,3378,Pending,,,,,
152,3379,Pending,,,,,
153,3380,Pending,,,,,
154,3381,Pending,,,,,
155,3382,Pending,,,,,
156,3383,Pending,,,,,
157,3384,Pending,,,,,
158,3385,Pending,,,,,
159,3386,Pending,,,,,
160,3387,Pending,,,,,
161,3388,Pending,,,,,
162,3389,Pending,,,,,
163,3390,Pending,,,,,
164,3391,Pending,,,,,
165,3392,Pending,,,,,
166,3393,Pending,,,,,
167,3394,Pending,,,,,
168,3395,Pending,,,,,
169,3396,Pending,,,,,
170,3397,Pending,,,,,
171,3398,Pending,,,,,
172,3399,Pending,,,,,
173,3400,Pending,,,,,
174,3401,Pending,,,,,
175,3402,Pending,,,,,
176,3403,Pending,,,,,
177,3404,Pending,,,,,
178,3405,Pending,,,,,
179,3406,Pending,,,,,
180,3407,Pending,,,,,
181,3408,Pending,,,,,
182,3409,Pending,,,,,
183,3410,Pending,,,,,
184,3411,Pending,,,,,
185,3412,Pending,,,,,
186,3413,Pending,,,,,
187,3414,Pending,,,,,
188,3415,Pending,,,,,
189,3416,Pending,,,,,
190,3417,Pending,,,,,
191,3418,Pending,,,,,
192,3419,Pending,,,,,
193,3420,Pending,,,,,
194,3421,Pending,,,,,
195,3422,Pending,,,,,
196,3423,Pending,,,,,
197,3424,Pending,,,,,
198,3425,Pending,,,,,
199,3426,Pending,,,,,
200,3427,Pending,,,,,
201,3428,Pending,,,,,
202,3429,Pending,,,,,
203,3430,Pending,,,,,
204,3431,Pending,,,,,
205,3432,Pending,,,,,
206,3433,Pending,,,,,
207,3434,Pending,,,,,
208,3435,Pending,,,,,
209,3436,Pending,,,,,
210,3437,Pending,,,,,
211,3438,Pending,,,,,
212,3439,Pending,,,,,
213,3440,Pending,,,,,
214,3441,Pending,,,,,
215,3442,Pending,,,,,
216,3443,Pending,,,,,
217,3444,Pending,,,,,
218,3445,Pending,,,,,
219,3446,Pending,,,,,
220,3447,Pending,,,,,
221,3448,Pending,,,,,
222,3449,Pending,,,,,
223,3450,Pending,,,,,
224,3451,Pending,,,,,
225,3452,Pending,,,,,
226,3453,Pending,,,,,
227,3454,Pending,,,,,
228,3455,Pending,,,,,
229,3456,Pending,,,,,
230,3457,Pending,,,,,
231,3458,Pending,,,,,
232,3459,Pending,,,,,
233,3460,Pending,,,,,
234,3461,Pending,,,,,
235,3462,Pending,,,,,
236,3463,Pending,,,,,
237,3464,Pending,,,,,
238,3465,Pending,,,,,
239,3466,Pending,,,,,
240,3467,Pending,,,,,
241,3468,Pending,,,,,
242,3469,Pending,,,,,
243,3470,Pending,,,,,
244,3471,Pending,,,,,
245,3472,Pending,,,,,
246,3473,Pending,,,,,
247,3474,Pending,,,,,
248,3475,Pending,,,,,
249,3476,Pending,,,,,
250,3477,Pending,,,,,
251,3478,Pending,,,,,
252,3479,Pending,,,,,
253,3480,Pending,,,,,
254,3481,Pending,,,,,
255,3482,Pending,,,,,
256,3483,Pending,,,,,
257,3484,Pending,,,,,
258,3485,Pending,,,,,
259,3486,Pending,,,,,
260,3487,Pending,,,,,
261,3488,Pending,,,,,
262,3489,Pending,,,,,
263,3490,Pending,,,,,
264,3491,Pending,,,,,
265,3492,Pending,,,,,
266,3493,Pending,,,,,
267,3494,Pending,,,,,
268,3495,Pending,,,,,
269,3496,Pending,,,,,
270,3497,Pending,,,,,
271,3498,Pending,,,,,
272,3499,Pending,,,,,
273,3500,Pending,,,,,
274,3501,Pending,,,,,
275,3502,Pending,,,,,
276,3503,Pending,,,,,
277,3504,Pending,,,,,
278,3505,Pending,,,,,
279,3506,Pending,,,,,
280,3507,Pending,,,,,
281,3508,Pending,,,,,
282,3509,Pending,,,,,
283,3510,Pending,,,,,
284,3511,Pending,,,,,
285,3512,Pending,,,,,
286,3513,Pending,,,,,
287,3514,Pending,,,,,
288,3515,Pending,,,,,
289,3516,Pending,,,,,
290,3517,Pending,,,,,
291,3518,Pending,,,,,
292,3519,Pending,,,,,
293,3520,Pending,,,,,
294,3521,Pending,,,,,
295,3522,Pending,,,,,
296,3523,Pending,,,,,
297,3524,Pending,,,,,
298,3525,Pending,,,,,
299,3526,Pending,,,,,
300,3527,Pending,,,,,
301,3528,Pending,,,,,
302,3529,Pending,,,,,
303,3530,Pending,,,,,
304,3531,Pending,,,,,
305,3532,Pending,,,,,
306,3533,Pending,,,,,
307,3534,Pending,,,,,
308,3535,Pending,,,,,
309,3536,Pending,,,,,
310,3537,Pending,,,,,
311,3538,Pending,,,,,
312,3539,Pending,,,,,
313,3540,Pending,,,,,
314,3541,Pending,,,,,
315,3542,Pending,,,,,
316,3543,Pending,,,,,
317,3544,Pending,,,,,
318,3545,Pending,,,,,
319,3546,Pending,,,,,
320,3547,Pending,,,,,
321,3548,Pending,,,,,
322,3549,Pending,,,,,
323,3550,Pending,,,,,
324,3551,Pending,,,,,
325,3552,Pending,,,,,
326,3553,Pending,,,,,
327,3554,Pending,,,,,
328,3555,Pending,,,,,
329,3556,Pending,,,,,
330,3557,Pending,,,,,
331,3558,Pending,,,,,
332,3559,Pending,,,,,
333,3560,Pending,,,,,
334,3561,Pending,,,,,
335,3562,Pending,,,,,
336,3563,Pending,,,,,
337,3564,Pending,,,,,
338,3565,Pending,,,,,
339,3566,Pending,,,,,
340,3567,Pending,,,,,
341,3568,Pending,,,,,
342,3569,Pending,,,,,
343,3570,Pending,,,,,
344,3571,Pending,,,,,
345,3572,Pending,,,,,
346,3573,Pending,,,,,
347,3574,Pending,,,,,
348,3575,Pending,,,,,
349,3576,Pending,,,,,
350,3577,Pending,,,,,
351,3578,Pending,,,,,
352,3579,Pending,,,,,
353,3580,Pending,,,,,
354,3581,Pending,,,,,
355,3582,Pending,,,,,
356,3583,Pending,,,,,
357,3584,Pending,,,,,
358,3585,Pending,,,,,
359,3586,Pending,,,,,
360,3587,Pending,,,,,
361,3588,Pending,,,,,
362,3589,Pending,,,,,
363,3590,Pending,,,,,
364,3591,Pending,,,,,
365,3592,Pending,,,,,
366,3593,Pending,,,,,
367,3594,Pending,,,,,
368,3595,Pending,,,,,
369,3596,Pending,,,,,
370,3597,Pending,,,,,
371,3598,Pending,,,,,
372,3599,Pending,,,,,
373,3600,Pending,,,,,
374,3601,Pending,,,,,
375,3602,Pending,,,,,
376,3603,Pending,,,,,
377,3604,Pending,,,,,
378,3605,Pending,,,,,
379,3606,Pending,,,,,
380,3607,Pending,,,,,
381,3608,Pending,,,,,
382,3609,Pending,,,,,
383,3610,Pending,,,,,
384,3611,Pending,,,,,
385,3612,Pending,,,,,
386,3613,Pending,,,,,
387,3614,Pending,,,,,
388,3615,Pending,,,,,
389,3616,Pending,,,,,
390,3617,Pending,,,,,
391,3618,Pending,,,,,
392,3619,Pending,,,,,
393,3620,Pending,,,,,
394,3621,Pending,,,,,
395,3622,Pending,,,,,
396,3623,Pending,,,,,
397,3624,Pending,,,,,
398,3625,Pending,,,,,
399,3626,Pending,,,,,
400,3627,Pending,,,,,
401,3628,Pending,,,,,
402,3629,Pending,,,,,
403,3630,Pending,,,,,
404,3631,Pending,,,,,
405,3632,Pending,,,,,
406,3633,Pending,,,,,
407,3634,Pending,,,,,
408,3635,Pending,,,,,
409,3636,Pending,,,,,
410,3637,Pending,,,,,
411,3638,Pending,,,,,
412,3639,Pending,,,,,
413,3640,Pending,,,,,
414,3641,Pending,,,,,
415,3642,Pending,,,,,
416,3643,Pending,,,,,
417,3644,Pending,,,,,
418,3645,Pending,,,,,
419,3646,Pending,,,,,
420,3647,Pending,,,,,
421,3648,Pending,,,,,
422,3649,Pending,,,,,
423,3650,Pending,,,,,
424,3651,Pending,,,,,
425,3652,Pending,,,,,
426,3653,Pending,,,,,
427,3654,Pending,,,,,
428,3655,Pending,,,,,
429,3656,Pending,,,,,
430,3657,Pending,,,,,
431,3658,Pending,,,,,
432,3659,Pending,,,,,
433,3660,Pending,,,,,
434,3661,Pending,,,,,
435,3662,Pending,,,,,
436,3663,Pending,,,,,
437,3664,Pending,,,,,
438,3665,Pending,,,,,
439,3666,Pending,,,,,
440,3667,Pending,,,,,
441,3668,Pending,,,,,
442,3669,Pending,,,,,
443,3670,Pending,,,,,
444,3671,Pending,,,,,
445,3672,Pending,,,,,
446,3673,Pending,,,,,
447,3674,Pending,,,,,
448,3675,Pending,,,,,
449,3676,Pending,,,,,
450,3677,Pending,,,,,
451,3678,Pending,,,,,
452,3679,Pending,,,,,
453,3680,Pending,,,,,
454,3681,Pending,,,,,
455,3682,Pending,,,,,
456,3683,Pending,,,,,
457,3684,Pending,,,,,
458,3685,Pending,,,,,
459,3686,Pending,,,,,
460,3687,Pending,,,,,
461,3688,Pending,,,,,
462,3689,Pending,,,,,
463,3690,Pending,,,,,
464,3691,Pending,,,,,
465,3692,Pending,,,,,
466,3693,Pending,,,,,
467,3694,Pending,,,,,
468,3695,Pending,,,,,
469,3696,Pending,,,,,
470,3697,Pending,,,,,
471,3698,Pending,,,,,
472,3699,Pending,,,,,
473,3700,Pending,,,,,
474,3701,Pending,,,,,
475,3702,Pending,,,,,
476,3703,Pending,,,,,
477,3704,Pending,,,,,
478,3705,Pending,,,,,
479,3706,Pending,,,,,
480,3707,Pending,,,,,
481,3708,Pending,,,,,
482,3709,Pending,,,,,
483,3710,Pending,,,,,
484,3711,Pending,,,,,
485,3712,Pending,,,,,
486,3713,Pending,,,,,
487,3714,Pending,,,,,
488,3715,Pending,,,,,
489,3716,Pending,,,,,
490,3717,Pending,,,,,
491,3718,Pending,,,,,
492,3719,Pending,,,,,
493,3720,Pending,,,,,
494,3721,Pending,,,,,
495,3722,Pending,,,,,
496,3723,Pending,,,,,
497,3724,Pending,,,,,
498,3725,Pending,,,,,
499,3726,Pending,,,,,
500,3727,Pending,,,,,
501,3728,Pending,,,,,
502,3729,Pending,,,,,
503,3730,Pending,,,,,
504,3731,Pending,,,,,
505,3732,Pending,,,,,
506,3733,Pending,,,,,
507,3734,Pending,,,,,
508,3735,Pending,,,,,
509,3736,Pending,,,,,
510,3737,Pending,,,,,
511,3738,Pending,,,,,
512,3739,Pending,,,,,
513,3740,Pending,,,,,
514,3741,Pending,,,,,
515,3742,Pending,,,,,
516,3743,Pending,,,,,
517,3744,Pending,,,,,
518,3745,Pending,,,,,
519,3746,Pending,,,,,
520,3747,Pending,,,,,
521,3748,Pending,,,,,
522,3749,Pending,,,,,
523,3750,Pending,,,,,
524,3751,Pending,,,,,
525,3752,Pending,,,,,
526,3753,Pending,,,,,
527,3754,Pending,,,,,
528,3755,Pending,,,,,
529,3756,Pending,,,,,
530,3757,Pending,,,,,
531,3758,Pending,,,,,
532,3759,Pending,,,,,
533,3760,Pending,,,,,
534,3761,Pending,,,,,
535,3762,Pending,,,,,
536,3763,Pending,,,,,
537,3764,Pending,,,,,
538,3765,Pending,,,,,
539,3766,Pending,,,,,
540,3767,Pending,,,,,
541,3768,Pending,,,,,
542,3769,Pending,,,,,
543,3770,Pending,,,,,
544,3771,Pending,,,,,
545,3772,Pending,,,,,
546,3773,Pending,,,,,
547,3774,Pending,,,,,
548,3775,Pending,,,,,
549,3776,Pending,,,,,
550,3777,Pending,,,,,
551,3778,Pending,,,,,
552,3779,Pending,,,,,
553,3780,Pending,,,,,
554,3781,Pending,,,,,
555,3782,Pending,,,,,
556,3783,Pending,,,,,
557,3784,Pending,,,,,
558,3785,Pending,,,,,
559,3786,Pending,,,,,
560,3787,Pending,,,,,
561,3788,Pending,,,,,
562,3789,Pending,,,,,
563,3790,Pending,,,,,
564,3791,Pending,,,,,
565,3792,Pending,,,,,
566,3793,Pending,,,,,
567,3794,Pending,,,,,
568,3795,Pending,,,,,
569,3796,Pending,,,,,
570,3797,Pending,,,,,
571,3798,Pending,,,,,
572,3799,Pending,,,,,
573,3800,Pending,,,,,
574,3801,Pending,,,,,
575,3802,Pending,,,,,
576,3803,Pending,,,,,
577,3804,Pending,,,,,
578,3805,Pending,,,,,
579,3806,Pending,,,,,
580,3807,Pending,,,,,
581,3808,Pending,,,,,
582,3809,Pending,,,,,
583,3810,Pending,,,,,
584,3811,Pending,,,,,
585,3812,Pending,,,,,
586,3813,Pending,,,,,
587,3814,Pending,,,,,
588,3815,Pending,,,,,
589,3816,Pending,,,,,
590,3817,Pending,,,,,
591,3818,Pending,,,,,
592,3819,Pending,,,,,
593,3820,Pending,,,,,
594,3821,Pending,,,,,
595,3822,Pending,,,,,
596,3823,Pending,,,,,
597,3824,Pending,,,,,
598,3825,Pending,,,,,
599,3826,Pending,,,,,
600,3827,Pending,,,,,
601,3828,Pending,,,,,
602,3829,Pending,,,,,
603,3830,Pending,,,,,
604,3831,Pending,,,,,
605,3832,Pending,,,,,
606,3833,Pending,,,,,
607,3834,Pending,,,,,
608,3835,Pending,,,,,
609,3836,Pending,,,,,
610,3837,Pending,,,,,
611,3838,Pending,,,,,
612,3839,Pending,,,,,
613,3840,Pending,,,,,
614,3841,Pending,,,,,
615,3842,Pending,,,,,
616,3843,Pending,,,,,
617,3844,Pending,,,,,
618,3845,Pending,,,,,
619,3846,Pending,,,,,
620,3847,Pending,,,,,
621,3848,Pending,,,,,
622,3849,Pending,,,,,
623,3850,Pending,,,,,
624,3851,Pending,,,,,
625,3852,Pending,,,,,
626,3853,Pending,,,,,
627,3854,Pending,,,,,
628,3855,Pending,,,,,
629,3856,Pending,,,,,
630,3857,Pending,,,,,
631,3858,Pending,,,,,
632,3859,Pending,,,,,
633,3860,Pending,,,,,
634,3861,Pending,,,,,
635,3862,Pending,,,,,
636,3863,Pending,,,,,
637,3864,Pending,,,,,
638,3865,Pending,,,,,
639,3866,Pending,,,,,
640,3867,Pending,,,,,
641,3868,Pending,,,,,
642,3869,Pending,,,,,
643,3870,Pending,,,,,
644,3871,Pending,,,,,
645,3872,Pending,,,,,
646,3873,Pending,,,,,
647,3874,Pending,,,,,
648,3875,Pending,,,,,
649,3876,Pending,,,,,
650,3877,Pending,,,,,
651,3878,Pending,,,,,
652,3879,Pending,,,,,
653,3880,Pending,,,,,
654,3881,Pending,,,,,
655,3882,Pending,,,,,
656,3883,Pending,,,,,
657,3884,Pending,,,,,
658,3885,Pending,,,,,
659,3886,Pending,,,,,
660,3887,Pending,,,,,
661,3888,Pending,,,,,
662,3889,Pending,,,,,
663,3890,Pending,,,,,
664,3891,Pending,,,,,
665,3892,Pending,,,,,
666,3893,Pending,,,,,
667,3894,Pending,,,,,
668,3895,Pending,,,,,
669,3896,Pending,,,,,
670,3897,Pending,,,,,
671,3898,Pending,,,,,
672,3899,Pending,,,,,
673,3900,Pending,,,,,
674,3901,Pending,,,,,
675,3902,Pending,,,,,
676,3903,Pending,,,,,
677,3904,Pending,,,,,
678,3905,Pending,,,,,
679,3906,Pending,,,,,
680,3907,Pending,,,,,
681,3908,Pending,,,,,
682,3909,Pending,,,,,
683,3910,Pending,,,,,
684,3911,Pending,,,,,
685,3912,Pending,,,,,
686,3913,Pending,,,,,
687,3914,Pending,,,,,
688,3915,Pending,,,,,
689,3916,Pending,,,,,
690,3917,Pending,,,,,
691,3918,Pending,,,,,
692,3919,Pending,,,,,
693,3920,Pending,,,,,
694,3921,Pending,,,,,
695,3922,Pending,,,,,
696,3923,Pending,,,,,
697,3924,Pending,,,,,
698,3925,Pending,,,,,
699,3926,Pending,,,,,
700,3927,Pending,,,,,
701,3928,Pending,,,,,
702,3929,Pending,,,,,
703,3930,Pending,,,,,
704,3931,Pending,,,,,
705,3932,Pending,,,,,
706,3933,Pending,,,,,
707,3934,Pending,,,,,
708,3935,Pending,,,,,
709,3936,Pending,,,,,
710,3937,Pending,,,,,
711,3938,Pending,,,,,
712,3939,Pending,,,,,
713,3940,Pending,,,,,
714,3941,Pending,,,,,
715,3942,Pending,,,,,
716,3943,Pending,,,,,
717,3944,Pending,,,,,
718,3945,Pending,,,,,
719,3946,Pending,,,,,
720,3947,Pending,,,,,
721,3948,Pending,,,,,
722,3949,Pending,,,,,
723,3950,Pending,,,,,
724,3951,Pending,,,,,
725,3952,Pending,,,,,
726,3953,Pending,,,,,
727,3954,Pending,,,,,
728,3955,Pending,,,,,
729,3956,Pending,,,,,
730,3957,Pending,,,,,
731,3958,Pending,,,,,
732,3959,Pending,,,,,
733,3960,Pending,,,,,
734,3961,Pending,,,,,
735,3962,Pending,,,,,
736,3963,Pending,,,,,
737,3964,Pending,,,,,
738,3965,Pending,,,,,
739,3966,Pending,,,,,
740,3967,Pending,,,,,
741,3968,Pending,,,,,
742,3969,Pending,,,,,
743,3970,Pending,,,,,
744,3971,Pending,,,,,
745,3972,Pending,,,,,
746,3973,Pending,,,,,
747,3974,Pending,,,,,
748,3975,Pending,,,,,
749,3976,Pending,,,,,
750,3977,Pending,,,,,
751,3978,Pending,,,,,
752,3979,Pending,,,,,
753,3980,Pending,,,,,
754,3981,Pending,,,,,
755,3982,Pending,,,,,
756,3983,Pending,,,,,
757,3984,Pending,,,,,
758,3985,Pending,,,,,
759,3986,Pending,,,,,
760,3987,Pending,,,,,
761,3988,Pending,,,,,
762,3989,Pending,,,,,
763,3990,Pending,,,,,
764,3991,Pending,,,,,
765,3992,Pending,,,,,
766,3993,Pending,,,,,
767,3994,Pending,,,,,
768,3995,Pending,,,,,
769,3996,Pending,,,,,
770,3997,Pending,,,,,
771,3998,Pending,,,,,
772,3999,Pending,,,,,
773,4000,Pending,,,,,
774,4001,Pending,,,,,
775,4002,Pending,,,,,
776,4003,Pending,,,,,
777,4004,Pending,,,,,
778,4005,Pending,,,,,
779,4006,Pending,,,,,
780,4007,Pending,,,,,
781,4008,Pending,,,,,
782,4009,Pending,,,,,
783,4010,Pending,,,,,
784,4011,Pending,,,,,
785,4012,Pending,,,,,
786,4013,Pending,,,,,
787,4014,Pending,,,,,
788,4015,Pending,,,,,
789,4016,Pending,,,,,
790,4017,Pending,,,,,
791,4018,Pending,,,,,
792,4019,Pending,,,,,
793,4020,Pending,,,,,
794,4021,Pending,,,,,
795,4022,Pending,,,,,
796,4023,Pending,,,,,
797,4024,Pending,,,,,
798,4025,Pending,,,,,
799,4026,Pending,,,,,
800,4027,Pending,,,,,
801,4028,Pending,,,,,
802,4029,Pending,,,,,
803,4030,Pending,,,,,
804,4031,Pending,,,,,
805,4032,Pending,,,,,
806,4033,Pending,,,,,
807,4034,Pending,,,,,
808,4035,Pending,,,,,
809,4036,Pending,,,,,
810,4037,Pending,,,,,
811,4038,Pending,,,,,
812,4039,Pending,,,,,
813,4040,Pending,,,,,
814,4041,Pending,,,,,
815,4042,Pending,,,,,
816,4043,Pending,,,,,
817,4044,Pending,,,,,
818,4045,Pending,,,,,
819,4046,Pending,,,,,
820,4047,Pending,,,,,
821,4048,Pending,,,,,
822,4049,Pending,,,,,
823,4050,Pending,,,,,
824,4051,Pending,,,,,
825,4052,Pending,,,,,
826,4053,Pending,,,,,
827,4054,Pending,,,,,
828,4055,Pending,,,,,
829,4056,Pending,,,,,
830,4057,Pending,,,,,
831,4058,Pending,,,,,
832,4059,Pending,,,,,
833,4060,Pending,,,,,
834,4061,Pending,,,,,
835,4062,Pending,,,,,
836,4063,Pending,,,,,
837,4064,Pending,,,,,
838,4065,Pending,,,,,
839,4066,Pending,,,,,
840,4067,Pending,,,,,
841,4068,Pending,,,,,
842,4069,Pending,,,,,
843,4070,Pending,,,,,
844,4071,Pending,,,,,
845,4072,Pending,,,,,
846,4073,Pending,,,,,
847,4074,Pending,,,,,
848,4075,Pending,,,,,
849,4076,Pending,,,,,
850,4077,Pending,,,,,
851,4078,Pending,,,,,
852,4079,Pending,,,,,
853,4080,Pending,,,,,
854,4081,Pending,,,,,
855,4082,Pending,,,,,
856,4083,Pending,,,,,
857,4084,Pending,,,,,
858,4085,Pending,,,,,
859,4086,Pending,,,,,
860,4087,Pending,,,,,
861,4088,Pending,,,,,
862,4089,Pending,,,,,
863,4090,Pending,,,,,
864,4091,Pending,,,,,
865,4092,Pending,,,,,
866,4093,Pending,,,,,
867,4094,Pending,,,,,
868,4095,Pending,,,,,
869,4096,Pending,,,,,
870,4097,Pending,,,,,
871,4098,Pending,,,,,
872,4099,Pending,,,,,
873,4100,Pending,,,,,
874,4101,Pending,,,,,
875,4102,Pending,,,,,
876,4103,Pending,,,,,
877,4104,Pending,,,,,
878,4105,Pending,,,,,
879,4106,Pending,,,,,
880,4107,Pending,,,,,
881,4108,Pending,,,,,
882,4109,Pending,,,,,
883,4110,Pending,,,,,
884,4111,Pending,,,,,
885,4112,Pending,,,,,
886,4113,Pending,,,,,
887,4114,Pending,,,,,
888,4115,Pending,,,,,
889,4116,Pending,,,,,
890,4117,Pending,,,,,
891,4118,Pending,,,,,
892,4119,Pending,,,,,
893,4120,Pending,,,,,
894,4121,Pending,,,,,
895,4122,Pending,,,,,
896,4123,Pending,,,,,
897,4124,Pending,,,,,
898,4125,Pending,,,,,
899,4126,Pending,,,,,
900,4127,Pending,,,,,
901,4128,Pending,,,,,
902,4129,Pending,,,,,
903,4130,Pending,,,,,
904,4131,Pending,,,,,
905,4132,Pending,,,,,
906,4133,Pending,,,,,
907,4134,Pending,,,,,
908,4135,Pending,,,,,
909,4136,Pending,,,,,
910,4137,Pending,,,,,
911,4138,Pending,,,,,
912,4139,Pending,,,,,
913,4140,Pending,,,,,
914,4141,Pending,,,,,
915,4142,Pending,,,,,
916,4143,Pending,,,,,
917,4144,Pending,,,,,
918,4145,Pending,,,,,
919,4146,Pending,,,,,
920,4147,Pending,,,,,
921,4148,Pending,,,,,
922,4149,Pending,,,,,
923,4150,Pending,,,,,
924,4151,Pending,,,,,
925,4152,Pending,,,,,
926,4153,Pending,,,,,
927,4154,Pending,,,,,
928,4155,Pending,,,,,
929,4156,Pending,,,,,
930,4157,Pending,,,,,
931,4158,Pending,,,,,
932,4159,Pending,,,,,
933,4160,Pending,,,,,
934,4161,Pending,,,,,
935,4162,Pending,,,,,
936,4163,Pending,,,,,
937,4164,Pending,,,,,
938,4165,Pending,,,,,
939,4166,Pending,,,,,
940,4167,Pending,,,,,
941,4168,Pending,,,,,
942,4169,Pending,,,,,
943,4170,Pending,,,,,
944,4171,Pending,,,,,
945,4172,Pending,,,,,
946,4173,Pending,,,,,
947,4174,Pending,,,,,
948,4175,Pending,,,,,
949,4176,Pending,,,,,
950,4177,Pending,,,,,
951,4178,Pending,,,,,
952,4179,Pending,,,,,
953,4180,Pending,,,,,
954,4181,Pending,,,,,
955,4182,Pending,,,,,
956,4183,Pending,,,,,
957,4184,Pending,,,,,
958,4185,Pending,,,,,
959,4186,Pending,,,,,
960,4187,Pending,,,,,
961,4188,Pending,,,,,
962,4189,Pending,,,,,
963,4190,Pending,,,,,
964,4191,Pending,,,,,
965,4192,Pending,,,,,
966,4193,Pending,,,,,
967,4194,Pending,,,,,
968,4195,Pending,,,,,
969,4196,Pending,,,,,
970,4197,Pending,,,,,
971,4198,Pending,,,,,
972,4199,Pending,,,,,
973,4200,Pending,,,,,
974,4201,Pending,,,,,
975,4202,Pending,,,,,
976,4203,Pending,,,,,
977,4204,Pending,,,,,
978,4205,Pending,,,,,
979,4206,Pending,,,,,
980,4207,Pending,,,,,
981,4208,Pending,,,,,
982,4209,Pending,,,,,
983,4210,Pending,,,,,
984,4211,Pending,,,,,
985,4212,Pending,,,,,
986,4213,Pending,,,,,
987,4214,Pending,,,,,
988,4215,Pending,,,,,
989,4216,Pending,,,,,
990,4217,Pending,,,,,
991,4218,Pending,,,,,
992,4219,Pending,,,,,
993,4220,Pending,,,,,
994,4221,Pending,,,,,
995,4222,Pending,,,,,
996,4223,Pending,,,,,
997,4224,Pending,,,,,
998,4225,Pending,,,,,
999,4226,Pending,,,,,
1000,4227,Pending,,,,,
1001,4228,Pending,,,,,
1002,4229,Pending,,,,,
1003,4230,Pending,,,,,
1004,4231,Pending,,,,,
1005,4232,Pending,,,,,
1006,4233,Pending,,,,,
1007,4234,Pending,,,,,
1008,4235,Pending,,,,,
1009,4236,Pending,,,,,
1010,4237,Pending,,,,,
1011,4238,Pending,,,,,
1012,4239,Pending,,,,,
1013,4240,Pending,,,,,
1014,4241,Pending,,,,,
1015,4242,Pending,,,,,
1016,4243,Pending,,,,,
1017,4244,Pending,,,,,
1018,4245,Pending,,,,,
1019,4246,Pending,,,,,
1020,4247,Pending,,,,,
1021,4248,Pending,,,,,
1022,4249,Pending,,,,,
1023,4250,Pending,,,,,
1024,4251,Pending,,,,,
1025,4252,Pending,,,,,
1026,4253,Pending,,,,,
1027,4254,Pending,,,,,
1028,4255,Pending,,,,,
1029,4256,Pending,,,,,
1030,4257,Pending,,,,,
1031,4258,Pending,,,,,
1032,4259,Pending,,,,,
1033,4260,Pending,,,,,
1034,4261,Pending,,,,,
1035,4262,Pending,,,,,
1036,4263,Pending,,,,,
1037,4264,Pending,,,,,
1038,4265,Pending,,,,,
1039,4266,Pending,,,,,
1040,4267,Pending,,,,,
1042,4269,Pending,,,,,
1043,4270,Pending,,,,,
1044,4271,Pending,,,,,
1045,4272,Pending,,,,,
1046,4273,Pending,,,,,
1047,4274,Pending,,,,,
1048,4275,Pending,,,,,
1049,4276,Pending,,,,,
1050,4277,Pending,,,,,
1051,4278,Pending,,,,,
1052,4279,Pending,,,,,
1053,4280,Pending,,,,,
1054,4281,Pending,,,,,
1055,4282,Pending,,,,,
1056,4283,Pending,,,,,
1057,4284,Pending,,,,,
1058,4285,Pending,,,,,
1059,4286,Pending,,,,,
1060,4287,Pending,,,,,
1061,4288,Pending,,,,,
1062,4289,Pending,,,,,
1063,4290,Pending,,,,,
1064,4291,Pending,,,,,
1065,4292,Pending,,,,,
1066,4293,Pending,,,,,
1067,4294,Pending,,,,,
1068,4295,Pending,,,,,
1069,4296,Pending,,,,,
1070,4297,Pending,,,,,
1071,4298,Pending,,,,,
1072,4299,Pending,,,,,
1073,4300,Pending,,,,,
1074,4301,Pending,,,,,
1075,4302,Pending,,,,,
1076,4303,Pending,,,,,
1077,4304,Pending,,,,,
1078,4305,Pending,,,,,
1079,4306,Pending,,,,,
1080,4307,Pending,,,,,
1081,4308,Pending,,,,,
1082,4309,Pending,,,,,
1083,4310,Pending,,,,,
1084,4311,Pending,,,,,
1085,4312,Pending,,,,,
1086,4313,Pending,,,,,
1087,4314,Pending,,,,,
1088,4315,Pending,,,,,
1089,4316,Pending,,,,,
1090,4317,Pending,,,,,
1091,4318,Pending,,,,,
1092,4319,Pending,,,,,
1093,4320,Pending,,,,,
1094,4321,Pending,,,,,
1095,4322,Pending,,,,,
1096,4323,Pending,,,,,
1097,4324,Pending,,,,,
1098,4325,Pending,,,,,
1099,4326,Pending,,,,,
1100,4327,Pending,,,,,
1101,4328,Pending,,,,,
1102,4329,Pending,,,,,
1103,4330,Pending,,,,,
1104,4331,Pending,,,,,
1105,4332,Pending,,,,,
1106,4333,Pending,,,,,
1107,4334,Pending,,,,,
1108,4335,Pending,,,,,
1109,4336,Pending,,,,,
1110,4337,Pending,,,,,
1111,4338,Pending,,,,,
1112,4339,Pending,,,,,
1113,4340,Pending,,,,,
1114,4341,Pending,,,,,
1115,4342,Pending,,,,,
1116,4343,Pending,,,,,
1117,4344,Pending,,,,,
1118,4345,Pending,,,,,
1119,4346,Pending,,,,,
1120,4347,Pending,,,,,
1121,4348,Pending,,,,,
1122,4349,Pending,,,,,
1123,4350,Pending,,,,,
1124,4351,Pending,,,,,
1125,4352,Pending,,,,,
1126,4353,Pending,,,,,
1127,4354,Pending,,,,,
1128,4355,Pending,,,,,
1129,4356,Pending,,,,,
1130,4357,Pending,,,,,
1131,4358,Pending,,,,,
1132,4359,Pending,,,,,
1133,4360,Pending,,,,,
1134,4361,Pending,,,,,
1135,4362,Pending,,,,,
1136,4363,Pending,,,,,
1137,4364,Pending,,,,,
1138,4365,Pending,,,,,
1139,4366,Pending,,,,,
1140,4367,Pending,,,,,
1141,4368,Pending,,,,,
1142,4369,Pending,,,,,
1143,4370,Pending,,,,,
1144,4371,Pending,,,,,
1145,4372,Pending,,,,,
1146,4373,Pending,,,,,
1147,4374,Pending,,,,,
1148,4375,Pending,,,,,
1149,4376,Pending,,,,,
1150,4377,Pending,,,,,
1151,4378,Pending,,,,,
1152,4379,Pending,,,,,
1153,4380,Pending,,,,,
1154,4381,Pending,,,,,
1155,4382,Pending,,,,,
1156,4383,Pending,,,,,
1157,4384,Pending,,,,,
1158,4385,Pending,,,,,
1159,4386,Pending,,,,,
1160,4387,Pending,,,,,
1161,4388,Pending,,,,,
1162,4389,Pending,,,,,
1163,4390,Pending,,,,,
1164,4391,Pending,,,,,
1165,4392,Pending,,,,,
1166,4393,Pending,,,,,
1167,4394,Pending,,,,,
1168,4395,Pending,,,,,
1169,4396,Pending,,,,,
1170,4397,Pending,,,,,
1171,4398,Pending,,,,,
1172,4399,Pending,,,,,
1173,4400,Pending,,,,,
1174,4401,Pending,,,,,
1175,4402,Pending,,,,,
1176,4403,Pending,,,,,
1177,4404,Pending,,,,,
1178,4405,Pending,,,,,
1179,4406,Pending,,,,,
1180,4407,Pending,,,,,
1181,4408,Pending,,,,,
1182,4409,Pending,,,,,
1183,4410,Pending,,,,,
1184,4411,Pending,,,,,
1185,4412,Pending,,,,,
1186,4413,Pending,,,,,
1187,4414,Pending,,,,,
1188,4415,Pending,,,,,
1189,4416,Pending,,,,,
1190,4417,Pending,,,,,
1191,4418,Pending,,,,,
1192,4419,Pending,,,,,
1193,4420,Pending,,,,,
1194,4421,Pending,,,,,
1195,4422,Pending,,,,,
1196,4423,Pending,,,,,
1197,4424,Pending,,,,,
1198,4425,Pending,,,,,
1199,4426,Pending,,,,,
1200,4427,Pending,,,,,
1201,4428,Pending,,,,,
1202,4429,Pending,,,,,
1203,4430,Pending,,,,,
1204,4431,Pending,,,,,
1205,4432,Pending,,,,,
1206,4433,Pending,,,,,
1207,4434,Pending,,,,,
1208,4435,Pending,,,,,
1209,4436,Pending,,,,,
1210,4437,Pending,,,,,
1211,4438,Pending,,,,,
1212,4439,Pending,,,,,
1213,4440,Pending,,,,,
1214,4441,Pending,,,,,
1215,4442,Pending,,,,,
1216,4443,Pending,,,,,
1217,4444,Pending,,,,,
1218,4445,Pending,,,,,
1219,4446,Pending,,,,,
1220,4447,Pending,,,,,
1221,4448,Pending,,,,,
1222,4449,Pending,,,,,
