depth (m),qt (MPa),fs (MPa)
0.05,5.19,0.0572
0.1,26.94,0.1479
0.15,26.68,0.2247
0.2,22.55,0.2493
0.25,18.01,0.2168
0.3,17.25,0.1533
0.35,13.93,0.1172
0.4,8.02,0.0976
0.45,3.19,0.0867
0.5,2.32,0.0554
0.55,1.65,0.053
0.6,1.38,0.0302
0.65,1.32,0.0355
0.7,1.1,0.0304
0.75,1.14,0.0224
0.8,1.31,0.0223
0.85,1.46,0.0291
0.9,1.51,0.0371
0.95,1.66,0.0457
1,1.7,0.0577
1.05,1.72,0.0639
1.1,1.73,0.0608
1.15,1.67,0.0505
1.2,1.88,0.048
1.25,2.19,0.0506
1.3,2.29,0.0579
1.35,2.4,0.0692
1.4,2.52,0.0832
1.45,2.78,0.1014
1.5,2.75,0.1223
1.55,2.75,0.1514
1.6,2.87,0.1411
1.65,3.94,0.13
1.7,6.55,0.1014
1.75,5.2,0.1156
1.8,4.9,0.1192
1.85,2.96,0.1037
1.9,2.4,0.0736
1.95,2.11,0.0597
2,1.79,0.0581
2.05,1.52,0.0674
2.1,1.63,0.0719
2.15,1.57,0.0701
2.2,2.85,0.0678
2.25,2.53,0.0688
2.3,1.93,0.0526
2.35,1.23,0.0484
2.4,1.09,0.0433
2.45,0.79,0.0411
2.5,0.8,0.0294
2.55,0.79,0.0237
2.6,0.84,0.0281
2.65,0.87,0.0281
2.7,0.71,0.0088
2.75,0.81,0.0104
2.8,1.07,0.0236
2.85,1.23,0.0343
2.9,1.26,0.0442
2.95,1.14,0.0489
3,1.09,0.0665
3.05,1.29,0.0349
3.1,3.76,0.0268
3.15,3.19,0.0394
3.2,1.85,0.0441
3.25,1.44,0.0457
3.3,1.25,0.0359
3.35,1.16,0.0334
3.4,1.14,0.0336
3.45,1.11,0.0354
3.5,1.09,0.0314
3.55,1.06,0.026
3.6,1.13,0.0271
3.65,1.2,0.0299
3.7,1.19,0.034
3.75,1.25,0.0314
3.8,1.19,0.0301
3.85,1.23,0.0297
3.9,1.17,0.0312
3.95,1.31,0.0348
4,1.4,0.0437
4.05,1.5,0.0592
4.1,1.53,0.0629
4.15,1.55,0.0638
4.2,1.66,0.0617
4.25,1.66,0.0567
4.3,1.56,0.0507
4.35,1.44,0.0451
4.4,1.28,0.0384
4.45,1.28,0.0367
4.5,1.26,0.0408
4.55,1.15,0.0472
4.6,1.2,0.0545
4.65,1.58,0.0625
4.7,1.72,0.0645
4.75,1.62,0.0574
4.8,1.48,0.062
4.85,1.71,0.0742
4.9,1.9,0.1
4.95,2.3,0.1248
5,2.45,0.1515
5.05,1.96,0.1061
5.1,1.53,0.0639
5.15,1.18,0.0474
5.2,1.07,0.0443
5.25,1.02,0.0523
5.3,1.03,0.0527
5.35,0.96,0.0515
5.4,1.08,0.0538
5.45,1.16,0.0467
5.5,1.22,0.0424
5.55,1.14,0.0387
5.6,1.09,0.0415
5.65,1.13,0.0479
5.7,1.19,0.0512
5.75,1.05,0.0522
5.8,1.03,0.0455
5.85,0.95,0.016
5.9,0.97,0.0364
5.95,0.65,0.036
6,0.99,0.0358
6.05,1.04,0.0339
6.1,1.01,0.0337
6.15,1.07,0.0329
6.2,1.11,0.0336
6.25,1.18,0.0406
6.3,1.11,0.0444
6.35,1.24,0.0431
6.4,1.21,0.0417
6.45,1.15,0.0388
6.5,1.1,0.0387
6.55,1.01,0.0354
6.6,1.03,0.0322
6.65,1.15,0.0281
6.7,1.11,0.0232
6.75,1.11,0.0203
6.8,1.02,0.0201
6.85,1.08,0.0247
6.9,1.21,0.0228
6.95,1.36,0.0264
7,1.48,0.0291
7.05,1.37,0.0293
7.1,1.4,0.0228
7.15,1.27,0.021
7.2,1.15,0.0227
7.25,1.03,0.0257
7.3,1,0.0224
7.35,0.93,0.0228
7.4,0.93,0.0223
7.45,1.04,0.0222
7.5,1.13,0.0253
7.55,1.2,0.0267
7.6,1.26,0.0295
7.65,1.44,0.0295
7.7,1.56,0.0268
7.75,1.54,0.0259
7.8,1.51,0.0271
7.85,1.42,0.0225
7.9,1.42,0.0251
7.95,1.37,0.0074
8,1.29,0.0145
8.05,1.64,0.0223
8.1,1.54,0.0307
8.15,1.43,0.0292
8.2,1.48,0.0305
8.25,1.6,0.0375
8.3,1.55,0.0454
8.35,1.6,0.053
8.4,1.61,0.0517
8.45,1.57,0.0582
8.5,1.63,0.0561
8.55,1.59,0.0566
8.6,1.62,0.061
8.65,1.6,0.0711
8.7,1.94,0.0748
8.75,2.07,0.0849
8.8,2.39,0.1144
8.85,2.61,0.1398
8.9,2.74,0.1521
8.95,2.89,0.1541
9,2.96,0.151
9.05,3,0.154
9.1,3.05,0.1607
9.15,3.14,0.1634
9.2,3.14,0.1632
9.25,3.2,0.1611
9.3,3.16,0.1599
9.35,2.91,0.1617
9.4,2.92,0.2025
9.45,7.23,0.5218
9.5,17.67,0.7304
9.55,16.93,0.7049
9.6,20.45,0.6013
9.65,21.57,0.4642
9.7,21.33,0.3604
9.75,19.26,0.3167
9.8,18.98,0.2879
9.85,18.13,0.2283
9.9,19.92,0.1943
9.95,19.65,0.1313
10,19.76,0.1912
10.05,19.66,0.2282
10.1,19.61,0.2375
10.15,22.1,0.2854
10.2,24.77,0.2659
10.25,24.19,0.3277
10.3,22.47,0.3028
10.35,22.87,0.2964
10.4,23.78,0.2902
10.45,20.71,0.2801
10.5,20.12,0.263
10.55,23,0.2727
10.6,29.89,0.4317
10.65,30.96,0.4747
10.7,29.72,0.4439
10.75,28.9,0.3608
10.8,29.22,0.2165
10.85,27.1,0.1283
10.9,26.49,0.1157
10.95,24.07,0.0839
11,12.43,0.1409
11.05,5.7,0.0967
11.1,3.99,0.0396
11.15,2.89,0.0345
11.2,3.02,0.036
11.25,2.51,0.0329
11.3,2.37,0.0368
11.35,2.65,0.0858
11.4,4.72,0.0843
11.45,4.47,0.063
11.5,2.61,0.01
11.55,1.83,0.0257
11.6,2.38,0.0132
11.65,2.01,0.0054
11.7,2.21,0.01
11.75,2.72,0.0266
11.8,2.98,0.0565
11.85,2.99,0.0721
11.9,2.81,0.0788
11.95,2.73,0.0625
12,2.92,0.0733
12.05,3.24,0.0844
12.1,3.22,0.0757
12.15,3.09,0.0744
12.2,2.92,0.0784
12.25,2.9,0.0836
12.3,2.77,0.0665
12.35,2.94,0.0724
12.4,3.59,0.0881
12.45,4.11,0.106
12.5,4.31,0.1373
12.55,4.39,0.1721
12.6,4.92,0.2127
12.65,5.95,0.2537
12.7,6.63,0.2985
12.75,7.11,0.2854
12.8,5.38,0.2273
12.85,4.39,0.1565
12.9,4.08,0.1237
12.95,3.62,0.0988
13,3.3,0.0861
13.05,3.16,0.0767
13.1,2.83,0.0655
13.15,2.68,0.0467
13.2,2.32,0.0509
13.25,2.26,0.0803
13.3,3.35,0.1868
13.35,7.68,0.3696
13.4,15.14,0.4801
13.45,16.4,0.4934
13.5,18.71,0.4328
13.55,18.86,0.3833
13.6,19.59,0.4687
13.65,18.05,0.5165
13.7,18.87,0.4905
13.75,18.3,0.4672
13.8,19.11,0.464
13.85,23.67,0.407
13.9,25.03,0.3769
13.95,23.56,0.2199
14,21.75,0.2744
14.05,21.24,0.3697
14.1,20.37,0.4318
14.15,19.32,0.3531
14.2,20.38,0.46
14.25,19.22,0.5204
14.3,18.03,0.4947
14.35,19.35,0.3065
14.4,18.2,0.2331
14.45,16.54,0.2205
14.5,17.29,0.2653
14.55,18.29,0.4249
14.6,15.02,0.5148
14.65,12.85,0.4763
14.7,13.98,0.4038
14.75,14.02,0.4361
14.8,12.99,0.5066
14.85,13.28,0.4517
14.9,13.87,0.3913
14.95,14.95,0.362
15,16.28,0.3514
15.05,14.4,0.3235
15.1,14.04,0.3597
15.15,16.55,0.365
15.2,17.62,0.3872
15.25,20.36,0.4672
15.3,20.44,0.4564
15.35,18.02,0.4792
15.4,17.17,0.3666
15.45,16.91,0.2705
15.5,19.98,0.2855
15.55,19.88,0.4543
15.6,16.33,0.4733
15.65,16.47,0.449
15.7,15.61,0.3847
15.75,16.88,0.2253
15.8,15.65,0.2863
15.85,10.57,0.2283
15.9,4.19,0.168
15.95,3.62,0.145
16,3.81,0.2272
16.05,7.12,0.2822
16.1,6.26,0.272
16.15,6.28,0.278
16.2,4.97,0.2551
16.25,5.31,0.1765
16.3,4.69,0.1416
16.35,3.45,0.1081
16.4,2.9,0.0518
16.45,2.77,0.049
16.5,2.59,0.0451
16.55,2.77,0.05
16.6,2.71,0.1314
16.65,4.77,0.1888
16.7,10.88,0.2095
16.75,13.71,0.221
16.8,13.72,0.2414
16.85,10.55,0.2351
16.9,5.44,0.1806
16.95,3.07,0.1202
17,2.32,0.0484
17.05,2.11,0.0421
17.1,1.8,0.0416
17.15,1.78,0.0402
17.2,2.25,0.0629
17.25,2.53,0.0762
17.3,2.7,0.0734
17.35,2.7,0.0512
17.4,2.48,0.0427
17.45,2.54,0.0422
17.5,2.43,0.0355
17.55,2.37,0.027
17.6,2.45,0.0327
17.65,2.43,0.0341
17.7,2.58,0.0372
17.75,2.69,0.0411
17.8,2.73,0.045
17.85,2.79,0.0466
17.9,2.79,0.0436
17.95,2.78,0.0402
18,2.73,0.0525
18.05,3.46,0.0585
18.1,3.12,0.0733
18.15,3.23,0.1428
18.2,3.55,0.146
18.25,4.21,0.1182
18.3,3.18,0.0948
18.35,2.98,0.0611
18.4,2.68,0.0592
18.45,2.43,0.0458
18.5,2.42,0.0418
18.55,2.57,0.0415
18.6,2.49,0.0338
18.65,2.59,0.0279
18.7,2.53,0.0213
18.75,2.47,0.0268
18.8,2.75,0.0396
18.85,2.84,0.0736
18.9,3.04,0.1435
18.95,4.69,0.2666
19,7.4,0.3637
19.05,7.92,0.4282
19.1,8.31,0.4011
19.15,7.24,0.274
19.2,5.47,0.2667
19.25,3.34,0.3814
19.3,3.31,0.2484
19.35,4.16,0.1349
19.4,2.91,0.0808
19.45,2.4,0.067
19.5,2.65,0.0974
19.55,4.3,0.1169
19.6,4.12,0.0852
19.65,2.76,0.0467
19.7,2.46,0.0312
19.75,2.5,0.0421
19.8,2.7,0.056
19.85,2.81,0.0683
19.9,3.5,0.0719
