depth (m),qc (MPa),fs (MPa),u (MPa),qt (MPa)
1.55,4.336610003,0.183572879,-0.041678824,4.328274238
1.6,3.475148545,0.173901068,-0.039975818,3.467153381
1.65,3.768558717,0.154078645,-0.019925856,3.764573546
1.7,4.216526336,0.150152464,-0.03001289,4.210523758
1.75,3.395092767,0.14747117,-0.042775091,3.386537749
1.8,2.88038008,0.117019331,-0.041920141,2.871996052
1.85,2.784332298,0.102751017,-0.036576702,2.777016958
1.9,2.827041481,0.108017844,-0.014458312,2.824149819
1.95,3.565833739,0.124967452,-0.0063156,3.564570619
2,5.470031281,0.156185376,-0.00401275,5.469228731
2.05,5.424736565,0.170836732,-0.021994284,5.420337708
2.1,4.731334784,0.182902555,-0.02284234,4.726766316
2.15,3.923211925,0.159536993,-0.010935089,3.921024907
2.2,3.368471348,0.14162978,-0.009480295,3.366575289
2.25,2.784332298,0.12065823,-0.009597506,2.782412797
2.3,2.253627607,0.106006874,-0.006681022,2.252291403
2.35,2.603057672,0.109837294,0.013610256,2.605779723
2.4,2.800420062,0.12075399,-0.003281906,2.799763681
2.45,2.912364087,0.12458441,0.002309745,2.912826036
2.5,3.200411671,0.129468196,0.017133479,3.203838367
2.55,3.163065076,0.129851238,0.007901395,3.164645355
2.6,3.000367986,0.118168457,0.010204245,3.002408835
2.65,3.008411868,0.117210852,0.013727467,3.011157361
2.7,2.600376378,0.109550012,0.005102122,2.601396802
2.75,2.477611417,0.103517101,0.005102122,2.478631841
2.8,2.224324894,0.106198395,-0.006074284,2.223110037
2.85,2.192340887,0.107922084,-0.013610256,2.189618836
2.9,2.707053574,0.10332558,-0.004254067,2.706202761
2.95,2.520320599,0.110028815,-0.016892162,2.516942167
3,2.576340492,0.115295642,-0.011907251,2.573959042
3.05,5.021967902,0.183285597,0.0015789,5.022283682
3.1,11.6868987,0.268320921,0.004129961,11.68772469
3.15,12.38030048,0.343875956,0.001820217,12.38066452
3.2,10.96141715,0.364943266,0.00401275,10.9622197
3.25,9.003881013,0.351728316,-0.007653184,9.002350376
3.3,9.934673073,0.325298418,0.007777289,9.936228531
3.35,11.95895428,0.348376699,-0.010204245,11.95691343
3.4,12.84971845,0.415409049,-0.010810984,12.84755625
3.45,12.65235606,0.473727194,-0.014458312,12.6494644
3.5,9.726585506,0.481388034,-0.015554579,9.72347459
3.55,7.302312688,0.393958697,-0.006074284,7.301097831
3.6,7.251655384,0.301071012,0.078986371,7.267452658
3.65,7.136934304,0.252041636,0.05285523,7.14750535
3.7,8.510427156,0.256925422,0.045077941,8.519442744
3.75,7.454380362,0.305667516,0.006074284,7.455595219
3.8,5.670074966,0.269278526,-0.003888645,5.669297237
3.85,5.568760356,0.238730927,0.012155462,5.571191448
3.9,5.478075163,0.228293032,0.017133479,5.481501859
3.95,6.030134446,0.204735949,0.027951357,6.035724717
4,9.481247105,0.291399202,0.049090691,9.491065243
4.05,7.347607405,0.287089979,0.002916483,7.348190702
4.1,7.590360272,0.336406636,0.021022123,7.594564697
4.15,9.137179629,0.34081162,0.000482633,9.137276156
4.2,8.697160131,0.352685922,-0.002309745,8.696698182
4.25,8.329056769,0.358240031,-0.003281906,8.328400388
4.3,7.875726562,0.347419094,-0.007901395,7.874146283
4.35,8.457088557,0.336598158,-0.009597506,8.455169056
4.4,8.305116644,0.328937318,-0.013851573,8.302346329
4.45,7.587678978,0.322712885,-0.02053949,7.58357108
4.5,5.702058973,0.264682022,-0.012879412,5.699483091
4.55,4.536557927,0.221398276,0.0031578,4.537189487
4.6,4.42988073,0.190467635,0.03474959,4.436830648
4.65,6.320863324,0.191521,0.022235601,6.325310444
4.7,8.291805935,0.193053168,-0.0015789,8.291490155
4.75,7.678364172,0.189222748,-0.005343439,7.677295484
4.8,6.880966488,0.147183889,-0.005708861,6.879824716
4.85,6.584875022,0.195734462,-0.006439706,6.583587081
4.9,5.392752558,0.216801772,-0.005467545,5.391659049
4.95,4.525928512,0.229154876,-0.002551061,4.5254183
5,5.446091156,0.204735949,0.015189156,5.449128987
5.05,4.9526373,0.210290058,0.012031356,4.955043571
5.1,4.472589913,0.187499059,0.006198389,4.473829591
5.15,5.411425855,0.181083106,0.02284234,5.415994323
5.2,8.107754254,0.212396789,0.021387546,8.112031763
5.25,8.953223708,0.235953872,0.001703006,8.953564309
5.3,9.214554113,0.241507981,-0.002792378,9.213995637
5.35,7.827750551,0.225611738,-0.005226228,7.826705305
5.4,6.176839532,0.230591284,-0.0063156,6.175576412
5.45,4.651279006,0.214695041,-0.0063156,4.650015886
5.5,4.549964397,0.199660642,-0.004619489,4.549040499
5.55,5.120696977,0.182998316,-0.009114873,5.118874002
5.6,6.163528822,0.187116017,-0.009114873,6.161705847
5.65,6.302190026,0.186062652,-0.009597506,6.300270525
5.7,6.334174033,0.200139445,-0.008866661,6.332400701
5.75,5.955441256,0.190563395,-0.008508134,5.953739629
5.8,6.851568015,0.21833394,-0.010087034,6.849550608
5.85,7.304993982,0.253190762,-0.013486151,7.302296752
5.9,8.201120741,0.316201171,-0.016161317,8.197888478
5.95,7.115579713,0.304135348,-0.016402634,7.112299186
6,6.083473044,0.2795249,-0.008018606,6.081869323
6.05,5.283394067,0.206363878,-0.013975679,5.280598931
6.1,5.366035378,0.182711034,0.001337583,5.366302895
6.15,7.456965896,0.163175892,0.023207762,7.461607448
6.2,12.3375913,0.173518026,0.004254067,12.33844211
6.25,12.26031258,0.191233719,0.000848055,12.26048219
6.3,10.43875634,0.190946437,-0.00243385,10.43826957
6.35,8.878530518,0.180508543,-0.004371278,8.877656262
6.4,7.779678781,0.170357929,-0.005343439,7.778610093
6.45,6.344899209,0.161835245,-0.006929234,6.343513362
6.5,4.621976293,0.172751942,-0.010569667,4.61986236
6.55,3.397774061,0.158100586,-0.011541828,3.395465695
6.6,3.163065076,0.151110069,0.002792378,3.163623552
6.65,3.611128455,0.161739485,0.006074284,3.612343312
6.7,3.083105058,0.159058191,-0.02126344,3.07885237
6.75,2.611005793,0.148141494,-0.003523222,2.610301149
6.8,2.677655101,0.121615835,0.005102122,2.678675525
6.85,2.960435858,0.102080693,-0.009480295,2.958539799
6.9,3.445750071,0.089823349,-0.005226228,3.444704825
6.95,3.712443064,0.070000925,-0.005708861,3.711301292
7,3.789817548,0.06119096,-0.005832967,3.788650955
7.05,3.64847505,0.062723128,-0.005832967,3.647308457
7.1,3.728530828,0.06310617,-0.005950178,3.727340792
7.15,3.896494745,0.063393451,-0.006074284,3.895279888
7.2,3.888546624,0.061957044,-0.006074284,3.887331767
7.25,3.869873326,0.059946073,-0.006074284,3.868658469
7.3,3.832526731,0.056690216,-0.006074284,3.831311874
7.35,3.824482849,0.054487724,-0.006074284,3.823267992
7.4,3.917849337,0.054966527,-0.005832967,3.916682744
7.45,4.003171942,0.059850313,-0.00559165,4.002053612
7.5,3.717805652,0.077757526,-0.005832967,3.716639059
7.55,3.067113055,0.099399399,-0.006074284,3.065898198
7.6,2.608324499,0.118551499,-0.006198389,2.607084821
7.65,2.381659396,0.120370948,-0.0063156,2.380396276
7.7,2.552400367,0.096430823,-0.005467545,2.551306858
7.75,3.128399774,0.10725176,-0.002551061,3.127889562
7.8,4.080546426,0.098154512,-0.002068428,4.08013274
7.85,6.195512829,0.113667714,-0.001703006,6.195172228
7.9,8.630510823,0.122860721,-0.001096267,8.63029157
7.95,9.790649281,0.132532532,-0.001213478,9.790406585
8,9.686653378,0.139523049,-0.001213478,9.686410682
8.05,8.379809834,0.138852725,-0.001337583,8.379542317
8.1,7.128986183,0.140289133,-0.001454794,7.128695224
8.15,5.139370275,0.160398838,-0.0015789,5.139054495
8.2,3.963239814,0.140001851,-0.001213478,3.962997118
8.25,3.752470953,0.109454252,0.000848055,3.752640564
8.3,3.760514835,0.093941051,-0.002185639,3.760077707
8.35,3.523124555,0.079002413,-0.001454794,3.522833596
8.4,3.432439362,0.074788951,-0.001454794,3.432148403
8.45,3.429758068,0.071916136,-0.001454794,3.429467109
8.5,3.701813648,0.093653769,-0.001454794,3.701522689
8.55,3.963239814,0.139331528,-0.001820217,3.962875771
8.6,3.715220118,0.169017282,-0.001944322,3.714831254
8.65,3.576463154,0.188743946,-0.003040589,3.575855036
8.7,3.597817745,0.19908608,-0.006805128,3.596456719
8.75,3.544479147,0.21450352,-0.009480295,3.542583088
8.8,3.291096864,0.187020257,-0.005832967,3.289930271
8.85,3.595136451,0.171890097,0.010204245,3.5971773
8.9,3.816534727,0.174762913,-0.001820217,3.816170684
8.95,3.048439757,0.151971914,-0.0015789,3.048123977
9,2.664344392,0.128606352,0.000365422,2.664417476
9.05,2.416324697,0.092313122,0.00243385,2.416811467
9.1,2.392288811,0.091642799,0.009232084,2.394135228
9.15,2.394970105,0.096143542,0.011176406,2.397205386
9.2,2.456352586,0.098824836,0.008625345,2.458077655
9.25,2.554985901,0.102080693,0.011665934,2.557319088
9.3,2.685698983,0.09959092,0.015920001,2.688882983
9.35,2.640308506,0.096047781,0.027220512,2.645752608
9.4,2.549623313,0.095185937,0.029888785,2.55560107
9.45,2.362986098,0.097388428,0.027220512,2.3684302
9.5,2.621635209,0.092217362,0.031350474,2.627905304
9.55,2.781746765,0.085226845,0.031957213,2.788138208
9.6,2.79237618,0.089727589,0.029888785,2.798353937
9.65,3.048439757,0.107730563,0.036693913,3.05577854
9.7,3.299140746,0.118168457,0.04252688,3.307646122
9.75,3.325762165,0.116444768,0.034391063,3.332640378
9.8,3.341754168,0.109550012,0.028192674,3.347392703
9.85,3.296459452,0.118934541,0.013610256,3.299181503
9.9,3.459156541,0.125829297,-0.003647328,3.458427075
9.95,3.443164538,0.134256221,-0.003764539,3.44241163
10,3.936522634,0.155515052,-0.002309745,3.936060685
10.05,4.243243516,0.150248225,0,4.243243516
10.1,5.184664991,0.139140007,0.002185639,5.185102119
10.15,6.099465048,0.131000364,0.002068428,6.099878734
10.2,6.691552219,0.134926545,0.001944322,6.691941083
10.25,6.430221815,0.147758452,0.001337583,6.430489332
10.3,5.550087059,0.162314048,0.000365422,5.550160143
10.35,4.992665189,0.178593333,0.000241317,4.992713452
10.4,4.8646334,0.184434723,-0.000241317,4.864585137
10.45,4.661908422,0.182232232,-0.000730845,4.661762253
10.5,4.600621702,0.166910552,-0.000848055,4.600452091
10.55,4.848641397,0.176869644,-0.001096267,4.848422144
10.6,4.344558125,0.171028253,-0.002309745,4.344096176
10.65,3.539116559,0.143832271,-0.000241317,3.539068296
10.7,2.59501379,0.132724053,-0.000482633,2.594917263
10.75,2.501647302,0.109550012,-0.00243385,2.501160532
10.8,2.144269116,0.083886198,0.008259922,2.1459211
10.85,2.002926618,0.075746556,0.006439706,2.004214559
10.9,2.456352586,0.074884711,0.010935089,2.458539604
10.95,3.256431563,0.08608869,-0.001454794,3.256140604
11,4.000490648,0.097005386,-0.000365422,4.000417564
11.05,4.936645296,0.106772958,-0.000241317,4.936597033
11.1,5.750130744,0.111944025,0.000365422,5.750203828
11.15,6.48882724,0.117306613,0.000124106,6.488852061
11.2,6.824850835,0.121041272,0.000124106,6.824875656
11.25,6.347484743,0.122381919,0.000124106,6.347509564
11.3,5.67275626,0.126595381,0.000241317,5.672804523
11.35,5.55803518,0.157717544,0.000124106,5.558060001
11.4,4.784673383,0.193053168,-0.000124106,4.784648562
11.45,3.939203928,0.18759482,0.000241317,3.939252191
11.5,4.011215824,0.182136471,-0.002068428,4.010802138
11.55,4.750008082,0.191999802,0.008018606,4.751611803
11.6,7.417033767,0.222930444,0.006563812,7.418346529
11.65,11.21748073,0.262575291,0.000241317,11.21752899
11.7,14.47391229,0.307486966,0.000241317,14.47396055
11.75,16.42618161,0.368582165,0.000241317,16.42622987
11.8,17.37832826,0.395012063,0.000124106,17.37835308
11.85,17.66637584,0.465779072,0,17.66637584
11.9,17.62634795,0.501880781,-0.000730845,17.62620178
11.95,17.90098907,0.519596473,-0.000972161,17.90079464
12,17.73302515,0.529076763,-0.000848055,17.73285554
12.05,17.33830037,0.529938607,-0.000848055,17.33813076
12.1,17.29290989,0.521703204,-0.000972161,17.29271546
12.15,16.98092218,0.53434359,-0.001096267,16.98070293
12.2,16.22345663,0.46539603,-0.001213478,16.22321393
12.25,15.15668466,0.48454813,-0.001337583,15.15641714
12.3,9.190518227,0.449116745,-0.002185639,9.190081099
12.35,13.61513213,0.405354197,-0.002551061,13.61462192
12.4,13.49246293,0.389362193,-0.002675167,13.4919279
12.45,13.53249082,0.372412585,-0.002551061,13.53198061
12.5,13.8392117,0.368582165,-0.00243385,13.83872493
12.55,13.73512004,0.384765689,-0.002551061,13.73460983
12.6,13.48173775,0.392713811,-0.002309745,13.4812758
12.65,12.81773445,0.389745235,-0.00243385,12.81724768
12.7,11.57485892,0.391468924,-0.002551061,11.57434871
12.75,10.09737016,0.354792653,-0.002792378,10.09681168
12.8,8.577172225,0.289292471,-0.003040589,8.576564107
12.85,8.715833429,0.25280772,-0.003523222,8.715128785
12.9,9.1852514,0.231931931,-0.00401275,9.18444885
12.95,10.17196759,0.247636653,-0.004254067,10.17111678
13,11.75354801,0.27760969,-0.004129961,11.75272202
13.05,12.75903326,0.316584213,-0.003764539,12.75828035
13.1,15.04732617,0.398938243,-0.004129961,15.04650018
13.15,18.6664985,0.529172523,-0.005708861,18.66535673
13.2,20.96542083,0.625124544,-0.003647328,20.96469136
13.25,19.09856988,0.669844698,-0.003888645,19.09779215
13.3,14.1192154,0.617463704,-0.004129961,14.11838941
13.35,8.761128145,0.537599447,-0.004371278,8.760253889
13.4,6.211504832,0.422686847,-0.005708861,6.21036306
13.45,5.347362081,0.299730365,-0.0031578,5.346730521
13.5,4.832649393,0.209332453,-0.003399117,4.83196957
13.55,4.608569823,0.172177379,-0.002792378,4.608011347
13.6,4.45659791,0.167485115,-0.003281906,4.455941529
13.65,4.195267505,0.139235767,-0.002068428,4.194853819
13.7,3.955195931,0.152642237,-0.001337583,3.954928414
13.75,3.021722578,0.14929062,0,3.021722578
13.8,4.09653843,0.152259195,-0.003399117,4.095858607
13.85,5.275350185,0.182711034,-0.001096267,5.275130932
13.9,5.79542546,0.196979348,-0.01336894,5.792751672
13.95,6.171476944,0.226282062,-0.014341101,6.168608724
14,7.238344674,0.256733901,-0.002675167,7.237809641
14.05,6.760882821,0.28718574,-0.003764539,6.760129913
14.1,5.52336988,0.26046856,-0.000606739,5.523248532
14.15,4.325884827,0.209428214,0.013975679,4.328679963
14.2,3.787232015,0.148811817,0.018712379,3.790974491
14.25,3.533849731,0.122094637,0.020898018,3.538029335
14.3,3.333806047,0.104378945,0.021628862,3.338131819
14.35,3.304407574,0.098250273,0.021752968,3.308758168
14.4,3.309770162,0.101889172,0.02369729,3.31450962
14.45,3.808490846,0.110124575,0.024786662,3.813448178
14.5,4.080546426,0.124392889,0.026489668,4.08584436
14.55,4.259235519,0.141438259,0.026613774,4.264558274
14.6,4.216526336,0.163367413,0.019443223,4.220414981
14.65,4.059191835,0.182423753,0.017623007,4.062716436
14.7,3.94715205,0.183285597,0.019201907,3.950992431
14.75,3.853881322,0.177731488,0.027337723,3.859348867
14.8,3.989861233,0.166335989,0.035728646,3.997006962
14.85,3.827164143,0.169017282,0.065493325,3.840262808
14.9,3.771144251,0.168059677,0.063549003,3.783854052
14.95,3.680459057,0.16087764,0.075945781,3.695648213
15,3.643208223,0.148524536,0.089797354,3.661167694
15.05,3.547160441,0.135309587,0.117990028,3.570758447
15.1,3.448431366,0.133873179,0.11835545,3.472102456
15.15,3.435120656,0.138373923,0.112398378,3.457600332
15.2,3.445750071,0.142300103,0.125643211,3.470878713
15.25,3.331124753,0.138565444,0.066348275,3.344394408
15.3,3.296459452,0.136362952,0.077159259,3.311891304
15.35,3.080423764,0.13205373,0.076428415,3.095709447
15.4,2.915045381,0.123243763,0.080565271,2.931158435
15.45,2.811049478,0.11682781,0.080199848,2.827089448
15.5,2.803005596,0.10907121,0.079834426,2.818972481
15.55,2.592332496,0.096813865,0.082875015,2.608907499
15.6,2.624316503,0.091642799,0.084205704,2.641157644
15.65,2.771021589,0.092025841,0.086274132,2.788276415
15.7,3.112407771,0.09585626,0.088707982,3.130149367
15.75,3.275104861,0.10332558,0.085667393,3.29223834
15.8,3.112407771,0.11673205,0.077524681,3.127912707
15.85,3.080423764,0.11874302,0.086639554,3.097751675
15.9,3.02976646,0.111273701,0.088583876,3.047483235
15.95,3.021722578,0.107443281,0.092589732,3.040240524
16,3.109726477,0.109933054,0.093561893,3.128438856
16.05,3.051121051,0.117019331,0.093320577,3.069785166
16.1,2.88038008,0.123148003,0.087370399,2.89785416
16.15,2.496284714,0.123435284,0.078255526,2.511935819
16.2,2.162942414,0.107922084,0.086880871,2.180318588
16.25,1.994978497,0.081204904,0.090528199,2.013084137
16.3,1.944321192,0.061765523,0.09150036,1.962621264
16.35,1.840229528,0.050274263,0.091982993,1.858626127
16.4,1.824237525,0.0496997,0.093685999,1.842974725
16.45,1.869532242,0.047976011,0.093561893,1.888244621
16.5,1.890982594,0.051040347,0.094292738,1.909841142
16.55,1.970942611,0.058701186,0.094175527,1.989777716
16.6,1.94958802,0.063010409,0.093810105,1.968350041
16.65,1.885620005,0.068372997,0.093810105,1.904382026
16.7,1.880257418,0.068660278,0.094534054,1.899164229
16.75,1.954950607,0.070096686,0.095630321,1.974076671
16.8,2.176253123,0.077278724,0.105476038,2.197348331
16.85,2.403013987,0.088482702,0.106689516,2.42435189
16.9,2.584384374,0.095568979,0.108268416,2.606038057
16.95,2.709734869,0.100740046,0.108875155,2.7315099
17,2.885742668,0.108400886,0.108268416,2.907396351
17.05,2.965702685,0.115678684,0.108385627,2.98737981
17.1,2.979109155,0.12065823,0.108751049,3.000859365
17.15,2.957754564,0.119796385,0.107778888,2.979310342
17.2,2.851077366,0.117115092,0.105958672,2.8722691
17.25,2.864388076,0.117306613,0.105834566,2.885554989
17.3,2.981694689,0.117306613,0.105476038,3.002789897
17.35,3.01645575,0.119509104,0.105717355,3.037599221
17.4,2.95507327,0.11874302,0.106199988,2.976313268
17.45,2.856344194,0.121424314,0.104138455,2.877171885
17.5,2.629679091,0.116157487,0.102918083,2.650262708
17.55,2.485655299,0.107826323,0.10024981,2.505705261
17.6,2.394970105,0.0957605,0.100367021,2.415043509
17.65,2.290974202,0.079289694,0.099036333,2.310781469
17.7,2.213599718,0.074118627,0.103166294,2.234232977
17.75,2.141587822,0.063584972,0.102070027,2.162001827
17.8,2.053583923,0.062531607,0.102311344,2.074046192
17.85,2.752348291,0.08991911,0.105227827,2.773393856
17.9,4.043199831,0.124871692,0.07339472,4.057878775
17.95,3.957877226,0.156376897,0.072422559,3.972361738
18,3.168427664,0.142204343,0.058570986,3.180141861
18.05,2.71768299,0.124967452,0.086150026,2.734912995
18.1,2.835085363,0.10916697,0.086150026,2.852315368
18.15,2.816412066,0.100548525,0.071933031,2.830798672
18.2,2.504328596,0.093653769,0.009114873,2.506151571
18.25,2.394970105,0.113763474,0.006439706,2.396258046
18.3,2.104241227,0.098920596,0.009597506,2.106160728
18.35,2.315010088,0.082162509,0.017864323,2.318582953
18.4,2.120328991,0.065308661,0.02211839,2.124752669
18.45,2.093611811,0.064925619,0.024304029,2.098472617
18.5,2.917726675,0.115199882,0.026365562,2.922999787
18.55,5.824728173,0.186445694,0.027220512,5.830172275
18.6,4.38190472,0.246104485,-0.050062852,4.37189215
18.65,3.320399577,0.211822226,-0.049938747,3.310411828
18.7,2.835085363,0.153504082,-0.046174208,2.825850521
18.75,2.509691184,0.123818326,-0.013610256,2.506969133
18.8,2.482974005,0.119030302,-0.014823734,2.480009258
18.85,2.661663098,0.106581437,-0.013727467,2.658917605
18.9,2.491017887,0.088578463,-0.012513989,2.488515089
18.95,3.309770162,0.117402373,-0.005343439,3.308701474
19,3.432439362,0.111848264,0.08275091,3.448989544
19.05,3.008411868,0.119987906,0.103042188,3.029020306
19.1,3.328443459,0.103708622,0.114218594,3.351287178
19.15,2.939081266,0.093079206,0.146058596,2.968292985
19.2,2.563029783,0.090397912,0.154932152,2.594016213
19.25,2.571073665,0.086759013,0.151284824,2.60133063
19.3,2.653714976,0.094132572,0.142535373,2.682222051
19.35,2.749666997,0.103612861,0.143507535,2.778368504
19.4,2.752348291,0.107730563,0.12929054,2.778206399
19.45,2.589651201,0.101889172,0.128442484,2.615339698
19.5,2.552400367,0.089344547,0.14593449,2.581587265
19.55,2.576340492,0.085418366,0.143990168,2.605138526
19.6,2.56829661,0.094036811,0.150188557,2.598334321
19.65,2.589651201,0.11481684,0.147396179,2.619130437
19.7,2.728408166,0.126595381,0.14119779,2.756647724
19.75,3.21372238,0.140767935,0.142900796,3.242302539
19.8,3.739160243,0.17054945,0.13803999,3.766768241
19.85,5.723413564,0.182711034,0.016161317,5.726645827
19.9,7.60903357,0.20119281,0.003523222,7.609738214
19.95,9.174526224,0.219387306,0.004129961,9.175352216
20,9.435952389,0.241507981,0.003647328,9.436681855
20.05,9.070530321,0.256159338,0.003281906,9.071186702
20.1,8.78516403,0.259127913,0.002185639,8.785601158
20.15,8.305116644,0.241891023,0,8.305116644
20.2,7.614300397,0.2220686,-0.001096267,7.614081144
20.25,7.563643092,0.229250637,0.001820217,7.564007135
20.3,7.45964719,0.26228801,-0.000365422,7.459574106
20.35,6.166210116,0.258936392,-0.001944322,6.165821252
20.4,4.285952699,0.222834684,0.006929234,4.287338546
20.45,3.123037187,0.146800847,0.012155462,3.125468279
20.5,3.192463549,0.134830784,0.014582417,3.195380032
20.55,3.309770162,0.119892146,0.015430473,3.312856257
20.6,5.016701074,0.140576414,0.020415384,5.020784151
20.65,9.59328689,0.165952947,0.006198389,9.594526568
20.7,11.24151662,0.248498498,0.004129961,11.24234261
20.75,13.30304866,0.36580511,0.005708861,13.30419043
20.8,13.95115572,0.376338765,0.006929234,13.95254157
20.85,16.13813402,0.383616563,0.007294656,16.13959295
20.9,13.55911224,0.369252488,0.004129961,13.55993823
20.95,7.822387964,0.38294624,0.001337583,7.822655481
21,4.176594208,0.297815155,0.000730845,4.176740377
21.05,2.685698983,0.177731488,0.005957073,2.686890398
21.1,2.322958209,0.097484189,0.013486151,2.325655439
21.15,2.211014184,0.06904332,0.017257584,2.214465701
21.2,2.269619611,0.077566005,0.019443223,2.273508256
21.25,3.57378186,0.104857748,0.02211839,3.578205538
21.3,4.757956203,0.15312104,0.023449079,4.762646019
21.35,3.680459057,0.162218287,0.014582417,3.68337554
21.4,3.072379882,0.136745994,0.053461969,3.083072276
21.45,2.811049478,0.10725176,0.06379032,2.823807542
21.5,2.720364284,0.094036811,0.065858748,2.733536034
21.55,2.66970698,0.085418366,0.066100064,2.682926993
21.6,2.637722973,0.087142055,0.067196331,2.651162239
21.65,2.643085561,0.082162509,0.068168492,2.656719259
21.7,2.589651201,0.086280211,0.067196331,2.603090467
21.75,2.589651201,0.087525097,0.067072225,2.603065646
21.8,2.616368381,0.08991911,0.068409809,2.630050343
21.85,2.715001696,0.092791925,0.072422559,2.729486208
21.9,2.923089263,0.100357004,0.07497362,2.938083987
21.95,2.995101159,0.11481684,0.078379632,3.010777085
22,3.741841538,0.129755478,0.083116332,3.758464804
22.05,5.904783951,0.163558934,0.085177865,5.921819524
22.1,10.68141345,0.232793776,0.037059335,10.68882532
22.15,12.41228449,0.321946801,0.012513989,12.41478729
22.2,13.45779763,0.34081162,0.008384028,13.45947444
22.25,13.90049842,0.354888413,0.005957073,13.90168983
22.3,13.54043894,0.354409611,0.005832967,13.54160553
22.35,13.47110834,0.351057993,0.006805128,13.47246937
22.4,12.11897008,0.379786143,0.006563812,12.12028284
22.45,10.0092705,0.4135896,0.005708861,10.01041227
22.5,7.003635689,0.348376699,0.00559165,7.004754019
22.55,8.657132242,0.294559298,0.013003517,8.659732945
22.6,12.62563888,0.264682022,0.003040589,12.626247
22.65,11.03084352,0.278375774,0.001820217,11.03120756
22.7,15.67407864,0.282014673,0.0015789,15.67439442
22.75,13.53517211,0.31792486,0.000972161,13.53536654
22.8,8.433148433,0.326447544,0.000730845,8.433294602
22.85,5.21138217,0.295038101,0.000241317,5.211430433
22.9,4.272546228,0.219387306,0.002068428,4.272959914
22.95,3.123037187,0.148333015,0.002792378,3.123595663
23,2.973746567,0.102176454,0.00717055,2.975180677
23.05,2.771021589,0.096909626,-0.000482633,2.770925062
23.1,2.514958012,0.093462248,0.005343439,2.5160267
23.15,3.024403871,0.103612861,0.008018606,3.026007592
23.2,3.504451258,0.117593894,0.001461689,3.504743596
23.25,3.395092767,0.12831907,0.009356189,3.396964005
23.3,3.49918443,0.125063213,0.014092889,3.502003008
23.35,4.072502544,0.125542016,0.019319118,4.076366368
23.4,3.992542527,0.14162978,0.018346956,3.996211918
23.45,3.94715205,0.157909065,0.017981534,3.950748357
23.5,4.040518537,0.148907578,0.020898018,4.044698141
23.55,4.000490648,0.142778906,0.026248351,4.005740318
23.6,4.029889122,0.142778906,0.024179923,4.034725107
23.65,3.917849337,0.155898094,0.02284234,3.922417805
23.7,3.941885222,0.149194859,0.021752968,3.946235816
23.75,4.688625601,0.177923009,0.020291279,4.692683857
23.8,4.851322691,0.178784854,0.007777289,4.852878149
23.85,4.773948207,0.206268117,-0.011665934,4.77161502
23.9,4.629924415,0.195734462,-0.013120728,4.627300269
23.95,3.989861233,0.188169383,0.002309745,3.990323182
24,3.73647895,0.174858673,0.006563812,3.737791712
24.05,3.637845634,0.150631267,0.008018606,3.639449355
24.1,3.781869427,0.157526023,0.013727467,3.78461492
24.15,4.389948602,0.168346959,0.018953695,4.393739341
24.2,5.456720572,0.201863134,0.020656701,5.460851912
24.25,6.790281295,0.275598719,-0.000482633,6.790184768
24.3,6.403504635,0.297049071,-0.000482633,6.403408108
24.35,5.622098955,0.296570269,0.017498901,5.625598735
24.4,4.595259114,0.237964843,0.024055818,4.600070278
24.45,4.363231422,0.202150416,0.02843399,4.36891822
24.5,3.79786143,0.153504082,0.030867841,3.804034998
24.55,4.309892823,0.145364439,0.035239118,4.316940647
24.6,3.45111266,0.129659717,0.02685509,3.456483678
24.65,3.528487144,0.143449229,0.036942124,3.535875569
24.7,5.878162532,0.170262169,0.042285563,5.886619645
24.75,11.9669024,0.200426726,0.009597506,11.9688219
24.8,12.78306915,0.239784292,0.000972161,12.78326358
24.85,12.46562309,0.269278526,0.001096267,12.46584234
24.9,12.13228079,0.32941612,0.000365422,12.13235387
24.95,11.36150452,0.334874468,0.001213478,11.36174722
25,11.19085931,0.345025082,0.001213478,11.19110201
25.05,8.734506726,0.311700428,0.001096267,8.734725979
25.1,6.21677166,0.301358294,0.001461689,6.217063998
25.15,7.422300595,0.293122891,0.003647328,7.423030061
25.2,7.88108915,0.291878004,-0.001703006,7.880748549
25.25,7.406308591,0.320223112,0.0031578,7.406940151
25.3,7.662372168,0.30250742,-0.002551061,7.661861956
25.35,7.779678781,0.267459077,0.002916483,7.780262078
25.4,10.24934208,0.255680535,-0.000241317,10.24929382
25.45,10.39872846,0.2872815,0.000848055,10.39889807
25.5,9.070530321,0.319552789,0.000365422,9.070603405
25.55,5.798106754,0.292644088,-0.000482633,5.798010227
25.6,5.614055073,0.263341375,0.004619489,5.614978971
25.65,6.598185732,0.228580314,0.008873556,6.599960443
25.7,7.03830099,0.281344349,-0.004984911,7.037304008
25.75,5.880748066,0.279141858,-0.000848055,5.880578455
25.8,6.131449054,0.286898458,0.005226228,6.1324943
25.85,8.547773751,0.276747845,-0.004129961,8.546947759
25.9,13.7858731,0.311317386,-0.000482633,13.78577657
25.95,17.04230466,0.424985099,0.000365422,17.04237774
26,11.78821331,0.431113771,0.000241317,11.78826157
26.05,7.523615203,0.386968181,0.000365422,7.523688287
26.1,13.76451851,0.41550481,-0.002068428,13.76410482
26.15,14.80725459,0.479472824,-0.009721612,14.80531027
26.2,10.69740545,0.582415361,-0.000848055,10.69723584
26.25,8.057096949,0.494315701,-0.001944322,8.056708085
26.3,10.74011464,0.436859401,0.010204245,10.74215549
26.35,16.66625318,0.455245417,-0.003888645,16.66547545
26.4,21.36818949,0.524576019,-0.000606739,21.36806814
26.45,24.46192396,0.628476162,-0.000124106,24.46189914
26.5,26.63291026,0.746453098,-0.000241317,26.632862
26.55,27.58764244,0.841255993,-0.000241317,27.58759418
26.6,28.8038008,0.826413115,-0.000482633,28.80370427
26.65,28.71053007,0.834265476,-0.000730845,28.7103839
26.7,26.32877491,0.781597201,-0.000606739,26.32865356
26.75,24.55529045,0.730748376,-0.000730845,24.55514428
26.8,23.4618013,0.723374817,-0.000606739,23.46167995
26.85,22.90974202,0.720214721,-0.000482633,22.90964549
26.9,22.16826847,0.713990288,-0.001213478,22.16802577
26.95,22.16826847,0.686507024,-0.001337583,22.16800095
27,22.73105293,0.686315503,-0.001454794,22.73076197
27.05,22.09893787,0.663045702,-0.001703006,22.09859727
27.1,18.51979342,0.614207847,-0.001820217,18.51942938
27.15,15.37003905,0.58404329,-0.002068428,15.36962536
27.2,10.29205126,0.541429867,-0.004129961,10.29122527
27.25,8.163774146,0.490198,-0.006929234,8.162388299
27.3,6.728898814,0.338034565,-0.020291279,6.724840558
27.35,6.293284299,0.253765325,-0.015189156,6.290246468
27.4,5.723413564,0.225037175,-0.014216995,5.720570165
27.45,5.72073227,0.25079675,-0.010935089,5.718545252
27.5,7.147659481,0.270331892,-0.000730845,7.147513312
27.55,8.182447444,0.308923373,-0.003281906,8.181791063
27.6,8.918558407,0.334204145,-0.015795895,8.915399228
27.65,9.043908902,0.353643527,-0.013975679,9.041113766
27.7,8.598526816,0.347897896,-0.013610256,8.595804765
27.75,7.675682878,0.324628095,-0.011424617,7.673397955
27.8,8.198439447,0.337460002,-0.003040589,8.197831329
27.85,8.8865744,0.347227573,-0.007901395,8.884994121
27.9,11.47881114,0.421633481,-0.012031356,11.47640487
27.95,12.71105725,0.527927637,-0.011665934,12.70872406
28,13.02036366,0.624741502,-0.010693773,13.01822491
28.05,12.84167457,0.575424845,-0.007046445,12.84026528
28.1,15.54068426,0.496996995,0.003647328,15.54141373
28.15,17.41299356,0.431688334,-0.001944322,17.4126047
28.2,18.47440294,0.481866836,-0.001944322,18.47401408
28.25,18.20244312,0.595726071,-0.002675167,18.20190809
28.3,18.01302885,0.674728483,-0.007046445,18.01161956
28.35,20.65611441,0.722991775,-0.002675167,20.65557938
28.4,23.00310851,0.753443614,-0.002675167,23.00257348
28.45,24.31521888,0.793758784,-0.002792378,24.3146604
28.5,25.08063256,0.838478938,-0.0031578,25.080001
28.55,25.88339283,0.848629551,-0.004371278,25.88251857
28.6,26.09416169,0.877932264,-0.0063156,26.09289857
28.65,25.31266025,0.84642706,-0.004129961,25.31183426
28.7,22.68029986,0.795003671,-0.002916483,22.67971656
28.75,20.45875202,0.667546446,-0.003281906,20.45809564
28.8,20.05598336,0.670706542,-0.004129961,20.05515737
28.85,19.93599545,0.719735918,-0.00717055,19.93456134
28.9,18.74119169,0.67980379,-0.006198389,18.73995201
28.95,18.55714001,0.693401781,-0.006198389,18.55590033
29,17.64502125,0.613920566,-0.005226228,17.643976
29.05,18.21307254,0.591129567,-0.006074284,18.21185768
29.1,17.74106903,0.583085685,-0.006439706,17.73978109
29.15,17.15961128,0.583660248,-0.006563812,17.15829852
29.2,16.16216991,0.654618778,-0.008990767,16.16037176
29.25,12.68970266,0.615931536,-0.013727467,12.68695717
29.3,11.15351272,0.594864226,-0.001820217,11.15314868
29.35,10.25738596,0.496135151,-0.017616112,10.25386274
29.4,11.03879164,0.504562075,-0.002309745,11.03832969
29.45,13.00973425,0.528885241,-0.016037212,13.00652681
29.5,13.72449062,0.550431354,-0.008384028,13.72281381
29.55,15.32206304,0.526586989,-0.01032835,15.31999737
29.6,17.18364716,0.518543108,-0.006681022,17.18231096
29.65,18.25846301,0.594289663,-0.009114873,18.25664004
29.7,17.91707683,0.626369431,-0.011665934,17.91474364
29.75,18.57313202,0.718682553,-0.010087034,18.57111461
29.8,18.61842673,0.715713977,-0.013851573,18.61565642
29.85,18.39444292,0.712649641,-0.007287761,18.39298537
29.9,17.73034386,0.691965373,-0.006074284,17.729129
29.95,17.65833196,0.707670095,-0.007777289,17.6567765
30,16.15412603,0.736110964,-0.01336894,16.15145224
30.05,14.89793979,0.708436179,-0.017133479,14.89451309
30.1,13.60450271,0.659023761,-0.007287761,13.60304516
30.15,8.995837131,0.569104652,-0.009962928,8.993844545
30.2,6.894277198,0.410142222,-0.012513989,6.8917744
30.25,6.774289291,0.347036052,0.001337583,6.774556808
30.3,7.400946003,0.270619173,-0.004619489,7.400022105
30.35,7.830336085,0.313807159,-0.000482633,7.830239558
30.4,8.753180023,0.293314412,-0.007901395,8.751599744
30.45,8.566447048,0.371071938,-0.015065051,8.563434038
30.5,6.784918706,0.371071938,-0.007777289,6.783363248
30.55,7.187591609,0.371071938,-0.002309745,7.18712966
