travelTimeMeta_ID,latitude,longitude,elevation_m
15,37.7847,-122.253,
16,37.7802,-122.2463,4.809196949
17,37.7828,-122.2491,
18,37.7829,-122.2478,3.751517773
19,37.7816,-122.2506,
20,37.7831,-122.2518,4.432588577
21,37.7478,-122.2371,2.412981272
22,37.7506,-122.2371,2.722387075
23,37.785,-122.279,4.559590816
24,37.7851,-122.2882,
25,37.7881,-122.2884,2.953426838
27,37.7893,-122.2791,3.244252682
28,37.7869,-122.2788,3.621566534
29,37.7832,-122.3137,2.620560646
30,37.7824,-122.3136,3.261577129
31,37.7838,-122.3134,2.671596766
32,37.7817,-122.3251,3.294649839
33,37.7894,-122.3257,2.669303179
34,37.7955,-122.3265,4.62958765
35,37.7592,-122.2369,7.430986404
36,37.7665,-122.2384,7.422900677
37,37.7747,-122.2897,
38,37.7732,-122.2659,8.389514923
39,37.7723,-122.2955,3.990406513
40,37.7682,-122.2717,3.240736961
41,37.7606,-122.2588,4.223748207
44,37.7437,-122.2591,4.114405155
45,37.755,-122.2272,2.890232325
46,37.7764,-122.2794,5.034553051
47,37.8636,-122.3141,4.902879238
50,37.8711,-122.3058,3.595045328
51,37.8613,-122.3017,
52,37.8585,-122.3011,2.803318501
54,37.8533,-122.2994,3.097933531
56,37.8776,-122.3094,3.102565289
77,37.8395,-122.3151,3.558512688
78,37.837,-122.3031,4.092120647
79,37.8375,-122.2988,4.311498642
85,37.8443,-122.2974,3.97277236
136,29.0739,-95.246,1.937887311
146,29.0127,-95.2183,0.589144945
160,32.7874,-79.79,3.563724756
161,32.803,-79.748,2.244280577
162,32.7987,-79.7629,1.899490237
163,32.7953,-79.7739,2.048609495
164,32.7838,-79.7988,0.422371566
165,32.8193,-79.81,1.730547428
168,32.8445,-79.7766,0.656002283
169,32.8152,-79.8154,0.954039872
172,32.8409,-79.7832,1.835549831
176,32.8808,-79.7364,
177,32.8603,-79.7655,2.871475697
180,32.8049,-79.8311,2.371301174
181,32.7922,-79.8472,1.989691257
182,32.7692,-79.8186,1.951036572
183,32.7766,-79.8145,-1.523960114
184,32.7808,-79.8051,0.583991349
185,32.7602,-79.857,1.91530478
186,32.7597,-79.8428,1.9503721
196,32.5954,-80.1276,1.973903775
197,32.5907,-80.1283,2.092577219
198,32.6016,-80.1175,2.653956652
199,32.6039,-80.105,4.237709999
200,32.6245,-80.0564,1.287258506
201,32.6178,-80.0184,
202,32.6136,-80.049,-1.21916008
203,32.6106,-80.0603,2.179684162
204,32.6101,-80.1423,1.57133317
209,32.5916,-80.1625,0.756539822
210,32.5617,-80.1774,1.758117914
211,32.57,-80.1583,2.207035303
212,32.6736,-79.9452,0.391272277
213,32.6538,-79.9496,2.61011529
214,32.6487,-79.9607,-1.371560097
215,32.6569,-79.9433,1.569925308
216,32.6627,-79.9271,1.766877413
219,32.6677,-79.9193,0.104609504
220,32.6758,-79.9018,0.34447968
221,32.6833,-79.8915,0.468997747
226,32.7085,-79.9387,-0.144255251
227,32.731,-79.9133,
228,32.5892,-80.1515,2.060198069
229,32.5778,-80.1675,1.997008801
230,32.5723,-80.1785,2.289405107
231,32.5753,-80.1712,2.148345232
234,32.6621,-79.9353,1.548767328
357,47.1664,-88.2449,
360,47.1588,-88.2449,184.730728149
406,28.75,-95.769,0.603955746
409,28.7747,-95.6124,0.730230212
536,37.8041,-122.32,5.439538956
537,37.807,-122.322,5.507954121
538,37.8018,-122.314,4.937220097
573,37.7091,-122.213,2.772084475
574,37.7109,-122.232,0.5
575,37.7023,-122.219,0.0
588,37.8083,-122.324,4.842163563
591,37.8003,-122.33,3.269601107
623,41.6811,-87.0074,194.424179077
624,41.6831,-87.003,188.773361206
626,41.6974,-86.9618,190.290710449
628,41.6598,-87.0511,
629,41.6569,-87.0607,
630,41.6597,-87.0619,
631,41.6594,-87.0651,197.23677063
633,41.6591,-87.0695,187.110855103
642,41.6798,-87.0097,189.805160522
643,41.6774,-87.0096,188.542541504
644,41.6754,-87.0097,185.26234436
646,41.7031,-86.9438,191.760360718
647,41.7011,-86.9554,190.934356689
938,37.4299,-121.9802,4.734127522
987,37.4587,-122.1046,3.473565578
1031,37.7869,-122.3893,4.22496891
1032,37.7978,-122.477,95.314208984
1034,37.5558,-122.2477,2.994467258
1035,37.5558,-122.2477,
1048,35.1098,-120.6254,
1049,35.1099,-120.6252,4.270171165
1050,35.11,-120.625,
1051,35.1101,-120.6248,
1052,35.1043,-120.6299,9.009890556
1053,35.1043,-120.6288,3.298017502
1054,35.1044,-120.6284,3.023773909
1055,35.1046,-120.6278,3.066482306
1056,35.1079,-120.6239,7.704751968
1057,35.1078,-120.6247,4.649049282
1058,35.1077,-120.6248,4.584914684
1059,35.1086,-120.6245,7.414485931
1060,35.1085,-120.6247,5.57553196
1061,35.1084,-120.625,4.426730633
1062,35.1078,-120.6242,6.678262234
1063,35.1091,-120.6253,3.588402033
1064,35.1093,-120.6249,6.500265598
1065,35.1089,-120.6223,13.998404503
1067,35.11,-120.623,8.602731705
1068,35.1051,-120.6292,
1069,35.1033,-120.6311,4.419198513
1070,35.104,-120.6312,
1071,35.1051,-120.6285,3.167646408
1072,35.1053,-120.6278,
1073,35.1037,-120.6259,3.471514225
1076,35.1055,-120.6268,3.680783749
1077,35.1094,-120.628,6.055448532
1078,35.1097,-120.6264,4.055764198
1079,35.1073,-120.6267,3.83340168
1080,35.1082,-120.6279,3.890452623
1221,37.8064,-122.316,4.624943733
