travelTimeMeta_ID,latitude,longitude
1,46.43,-86.8453
2,46.4249,-86.8454
3,46.4143,-86.8262
4,46.4168,-86.8305
5,46.4295,-86.8721
6,46.4288,-86.8634
7,46.4296,-86.8531
8,46.4272,-86.8396
9,46.4273,-86.8339
10,46.4308,-86.8316
11,33.3304,-91.4805
12,33.3305,-91.4829
13,33.3305,-91.4854
14,33.3305,-91.4863
15,37.7847,-122.253
16,37.7802,-122.2463
17,37.7828,-122.2491
18,37.7829,-122.2478
19,37.7816,-122.2506
20,37.7831,-122.2518
21,37.7478,-122.2371
22,37.7506,-122.2371
23,37.785,-122.279
24,37.7851,-122.2882
25,37.7881,-122.2884
26,37.7417,-122.2385
27,37.7893,-122.2791
28,37.7869,-122.2788
29,37.7832,-122.3137
30,37.7824,-122.3136
31,37.7838,-122.3134
32,37.7817,-122.3251
33,37.7894,-122.3257
34,37.7955,-122.3265
35,37.7592,-122.2369
36,37.7665,-122.2384
37,37.7747,-122.2897
38,37.7732,-122.2659
39,37.7723,-122.2955
40,37.7682,-122.2717
41,37.7606,-122.2588
42,37.7382,-122.2377
43,37.7317,-122.2393
44,37.7437,-122.2591
45,37.755,-122.2272
46,37.7764,-122.2794
47,37.8636,-122.3141
48,37.8673,-122.3123
49,37.8663,-122.3065
50,37.8711,-122.3058
51,37.8613,-122.3017
52,37.8585,-122.3011
53,37.8501,-122.2957
54,37.8533,-122.2994
55,37.8673,-122.3033
56,37.8776,-122.3094
57,37.8635,-122.3043
58,37.8804,-122.2787
59,37.8786,-122.2843
60,37.8817,-122.3
61,37.8882,-122.2743
62,37.8743,-122.2795
63,37.8706,-122.2875
64,37.8765,-122.2811
65,37.865,-122.2982
66,37.8537,-122.2903
67,37.8492,-122.2799
68,37.8564,-122.2752
69,37.8561,-122.2614
70,37.8661,-122.2634
71,37.865,-122.2759
72,37.8704,-122.2774
73,37.8716,-122.2941
74,37.8642,-122.2914
75,37.8642,-122.2835
76,37.8695,-122.2712
77,37.8395,-122.3151
78,37.837,-122.3031
79,37.8375,-122.2988
80,37.8309,-122.2932
81,37.8338,-122.2836
82,37.8412,-122.2903
83,37.8449,-122.2876
84,37.8479,-122.2916
85,37.8443,-122.2974
86,37.8372,-122.2906
87,37.8315,-122.2907
88,37.8554,-122.2914
89,37.8574,-122.2826
90,37.8544,-122.2818
91,37.8596,-122.2827
92,37.8594,-122.2695
93,37.8565,-122.2692
94,37.8591,-122.2926
95,37.8608,-122.2915
96,37.8795,-122.3027
97,37.8761,-122.3016
98,37.6679,-122.1568
99,37.2955,-89.5092
100,37.2959,-89.512
101,33.2868,-92.3444
102,33.2779,-92.3331
103,32.9703,-79.8135
104,32.9757,-79.8062
105,32.9804,-79.7976
106,32.9841,-79.7866
107,32.9899,-79.7798
108,32.9046,-79.9237
109,32.915,-79.9061
110,32.9234,-79.8988
111,32.9443,-79.8385
112,32.962,-79.853
113,32.9543,-79.8171
114,32.9682,-79.821
115,32.9653,-79.8343
116,32.995,-79.7711
117,32.9999,-79.7625
118,32.9928,-79.759
119,33.002,-79.7486
120,33.0122,-79.7407
121,32.9087,-79.9151
122,33.0216,-79.733
123,33.0357,-79.7362
124,33.0327,-79.7212
125,32.9115,-79.9855
126,32.9118,-80.0071
127,28.9794,-95.2851
128,28.9756,-95.2963
129,28.9792,-95.2688
130,28.8691,-95.4492
131,28.8871,-95.4812
132,28.8959,-95.5063
133,28.9145,-95.5464
134,29.0601,-95.2676
135,29.065,-95.2555
136,29.0739,-95.246
137,29.0581,-95.2291
138,29.0616,-95.2399
139,29.0379,-95.2675
140,28.8668,-95.5872
141,28.8765,-95.5841
142,28.8805,-95.5662
143,28.8808,-95.5576
144,28.8885,-95.565
145,28.8838,-95.576
146,29.0127,-95.2183
147,33.4179,-91.4037
148,35.8311,-90.303
149,35.9061,-90.3987
150,35.934,-90.3329
151,35.7779,-90.5639
152,35.7785,-90.5424
153,35.7791,-90.5134
154,35.8029,-90.3582
155,35.802,-90.3097
156,35.805,-90.4206
157,35.7927,-90.4703
158,35.8922,-90.4537
159,35.7369,-90.3226
160,32.7874,-79.79
161,32.803,-79.748
162,32.7987,-79.7629
163,32.7953,-79.7739
164,32.7838,-79.7988
165,32.8193,-79.81
166,32.8231,-79.8134
167,32.8287,-79.8167
168,32.8445,-79.7766
169,32.8152,-79.8154
170,32.8311,-79.8051
171,32.831,-79.7989
172,32.8409,-79.7832
173,32.8482,-79.787
174,32.9121,-79.7089
175,32.9163,-79.7187
176,32.8808,-79.7364
177,32.8603,-79.7655
178,32.8373,-79.815
179,32.8207,-79.825
180,32.8049,-79.8311
181,32.7922,-79.8472
182,32.7692,-79.8186
183,32.7766,-79.8145
184,32.7808,-79.8051
185,32.7602,-79.857
186,32.7597,-79.8428
187,32.8682,-79.784
188,32.8848,-79.7554
189,32.8741,-79.752
190,32.9043,-80.0267
191,32.9166,-80.0323
192,32.917,-80.0391
193,32.8994,-80.013
194,32.847,-79.8234
195,33.0991,-79.4676
196,32.5954,-80.1276
197,32.5907,-80.1283
198,32.6016,-80.1175
199,32.6039,-80.105
200,32.6245,-80.0564
201,32.6178,-80.0184
202,32.6136,-80.049
203,32.6106,-80.0603
204,32.6101,-80.1423
205,32.7444,-80.05
206,32.7306,-80.0658
207,32.6685,-80.1784
208,32.7023,-80.1235
209,32.5916,-80.1625
210,32.5617,-80.1774
211,32.57,-80.1583
212,32.6736,-79.9452
213,32.6538,-79.9496
214,32.6487,-79.9607
215,32.6569,-79.9433
216,32.6627,-79.9271
217,32.7575,-79.9655
218,32.695,-79.9652
219,32.6677,-79.9193
220,32.6758,-79.9018
221,32.6833,-79.8915
222,32.8982,-80.0604
223,32.9118,-80.068
224,32.7359,-79.9663
225,32.7695,-79.992
226,32.7085,-79.9387
227,32.731,-79.9133
228,32.5892,-80.1515
229,32.5778,-80.1675
230,32.5723,-80.1785
231,32.5753,-80.1712
232,32.7164,-79.9679
233,32.7298,-79.9477
234,32.6621,-79.9353
235,33.3959,-92.5832
236,33.4169,-92.5906
237,33.4267,-92.5874
238,33.4356,-92.5853
239,33.339,-92.528
240,33.3477,-92.5304
241,36.2373,-90.2322
242,25.9473,-97.5469
243,25.9527,-97.5597
244,25.9572,-97.5684
245,25.9611,-97.5761
246,25.9655,-97.5842
247,25.9729,-97.5921
248,25.9816,-97.5979
249,25.9903,-97.6018
250,25.9993,-97.6037
251,26.0079,-97.6055
252,26.0154,-97.607
253,26.0232,-97.6224
254,26.0258,-97.6308
255,26.029,-97.641
256,26.0329,-97.651
257,26.0392,-97.6587
258,26.0452,-97.6713
259,26.0449,-97.6827
260,26.0444,-97.7047
261,26.0492,-97.7206
262,26.057,-97.6181
263,26.0468,-97.6243
264,26.0739,-97.6197
265,26.0847,-97.6302
266,26.0921,-97.644
267,26.1066,-97.6472
268,26.1187,-97.6644
269,26.0618,-97.6653
270,26.1127,-97.6059
271,26.1246,-97.5749
272,26.0895,-97.5435
273,26.0741,-97.5756
274,35.211,-90.204
275,35.2192,-90.1843
276,35.2181,-90.1398
277,35.2561,-90.2545
278,35.2767,-90.2233
279,35.2989,-90.2006
280,35.3101,-90.2719
281,35.263,-90.3255
282,35.2061,-90.3272
283,35.1665,-90.3635
284,35.1546,-90.2926
285,35.1188,-90.365
286,35.2114,-90.2807
287,35.2107,-90.2547
288,35.2638,-90.298
289,35.1928,-90.1291
290,35.143,-90.1405
291,35.1614,-90.1318
292,35.1708,-90.1272
293,35.2097,-90.1158
294,35.2401,-90.1129
295,35.2482,-90.166
296,35.2701,-90.2012
297,35.2871,-90.2009
298,35.3089,-90.1961
299,35.3794,-90.2153
300,35.307,-90.3076
301,35.3004,-90.3252
302,35.3791,-90.1936
303,35.3796,-90.2317
304,35.3513,-90.3063
305,35.3655,-90.3063
306,35.3297,-90.1823
307,35.432,-90.3857
308,35.4184,-90.3859
309,35.3651,-90.4198
310,35.4198,-90.4841
311,35.4194,-90.2449
312,35.2988,-90.5221
313,35.3097,-90.5218
314,35.326,-90.5227
315,35.1611,-90.5609
316,35.1793,-90.5598
317,35.3745,-90.5031
318,35.3545,-90.5031
319,35.4019,-90.5302
320,36.2205,-89.9611
321,36.1034,-89.9769
322,36.1562,-90.0715
323,36.1268,-90.0871
324,36.0975,-90.0999
325,36.047,-90.1503
326,36.0173,-90.2478
327,33.7972,-91.3335
328,33.7958,-91.3336
329,33.7933,-91.3337
330,34.9921,-90.0016
331,34.953,-89.9979
332,34.9348,-89.9957
333,34.8705,-89.9915
334,34.8614,-89.9916
335,34.8579,-89.9896
336,34.8612,-90.0778
337,34.8639,-90.0782
338,34.8625,-89.9896
339,34.933,-89.9931
340,34.7231,-89.9898
341,34.8758,-90.2248
342,34.8673,-90.2255
343,36.1511,-89.5315
344,36.1571,-90.3013
345,36.1097,-90.3198
346,36.0478,-90.3687
347,35.9722,-90.4415
348,37.8153,-87.5922
349,37.8043,-87.6669
350,37.8382,-87.6908
351,37.8552,-87.6978
352,37.8721,-87.7019
353,37.8204,-87.7073
354,33.6062,-93.8101
355,33.597,-93.8103
356,33.6107,-93.8151
357,47.1664,-88.2449
358,47.1777,-88.2634
359,47.1795,-88.2442
360,47.1588,-88.2449
361,47.1579,-88.2658
362,47.168,-88.2688
363,47.178,-88.2585
364,47.1617,-88.2664
365,33.0966,-115.5347
366,33.0966,-115.5344
367,33.0966,-115.5333
368,33.0966,-115.5325
369,33.0971,-115.5322
370,33.0972,-115.5314
371,33.0969,-115.5312
372,33.0966,-115.5307
373,33.0966,-115.5328
374,33.0966,-115.5338
375,33.0975,-115.5306
376,33.0973,-115.5305
377,33.0974,-115.5305
378,34.8212,-118.2913
379,38.6446,-87.6039
380,33.7964,-118.2233
381,33.7962,-118.2234
382,33.88,-118.1734
383,33.9743,-118.1482
384,33.8705,-118.3321
385,34.0093,-117.9507
386,34.0512,-118.0809
387,34.8056,-118.3965
388,34.7205,-90.8196
389,34.7235,-90.8196
390,34.7157,-90.8204
391,34.7157,-90.8108
392,33.4245,-93.6989
393,33.4146,-93.692
394,33.4714,-93.6942
395,33.4489,-93.676
396,33.0909,-93.8502
397,33.1028,-93.8339
398,33.1134,-93.8213
399,33.1219,-93.822
400,33.1303,-93.7921
401,33.1374,-93.7787
402,33.5956,-94.1409
403,33.5953,-94.1262
404,33.5913,-94.1106
405,38.7472,-87.5111
406,28.75,-95.769
407,28.7582,-95.7747
408,28.7651,-95.7867
409,28.7747,-95.6124
410,28.7964,-95.6044
411,28.802,-95.6102
412,28.7966,-95.6167
413,28.7899,-95.6293
414,28.8331,-95.6365
415,28.8254,-95.6446
416,33.5381,-93.9544
417,33.4908,-93.9141
418,33.491,-93.9233
419,33.4788,-93.9158
420,33.4725,-93.8856
421,33.4901,-93.8201
422,33.4917,-93.8089
423,33.5549,-93.8879
424,33.5899,-93.8752
425,33.5794,-93.8756
426,33.5713,-93.8757
427,33.363,-93.7041
428,33.5056,-94.0108
429,33.5512,-94.0421
430,35.9817,-89.9855
431,35.9814,-90.0181
432,35.9822,-89.9144
433,35.9818,-89.9121
434,35.9813,-90.0344
435,35.8141,-90.0351
436,35.842,-90.0174
437,35.6838,-90.0987
438,35.7151,-90.0729
439,35.771,-90.0737
440,35.9812,-90.0572
441,35.9669,-90.0368
442,35.9521,-90.0366
443,35.9519,-89.9831
444,35.952,-90.0049
445,35.9377,-90.0365
446,35.8073,-90.0915
447,35.9502,-89.8561
448,35.9736,-89.8137
449,35.8758,-89.7931
450,35.8957,-89.8382
451,35.9736,-89.7353
452,35.9953,-89.7429
453,35.9465,-89.8123
454,35.9321,-90.2871
455,35.9314,-90.1546
456,35.8369,-90.1958
457,35.8005,-90.2014
458,35.7283,-90.2442
459,35.6928,-90.1775
460,35.6258,-90.0884
461,35.6253,-90.0701
462,35.8525,-89.8289
463,35.8129,-89.8387
464,35.7912,-89.8387
465,35.7991,-89.8562
466,35.7988,-89.874
467,35.799,-89.9049
468,35.6829,-90.0158
469,35.4811,-90.2005
470,35.4661,-90.1758
471,35.4768,-90.144
472,35.5092,-90.1213
473,35.5166,-90.0898
474,35.4906,-90.0814
475,35.4896,-90.1149
476,35.5312,-90.0895
477,35.5906,-90.0852
478,35.5906,-90.1163
479,35.6038,-90.1066
480,35.5514,-90.107
481,36.8338,-89.3739
482,36.7594,-89.3557
483,36.7213,-89.3619
484,36.82,-89.2298
485,36.8491,-89.1987
486,36.8341,-89.2785
487,36.7366,-89.2108
488,36.696,-89.2426
489,36.7396,-89.284
490,37.8288,-122.249
491,36.4284,-89.6409
492,36.4256,-89.6691
493,36.425,-89.5725
494,36.5839,-89.7961
495,36.4811,-89.8172
496,37.7776,-122.242
497,37.8129,-122.289
498,37.8081,-122.294
499,37.768,-122.226
500,37.7783,-122.234
501,37.7808,-122.239
502,37.7739,-122.227
503,37.8142,-122.296
504,37.8102,-122.302
505,37.8278,-122.281
506,37.8411,-122.277
507,37.8323,-122.264
508,37.8359,-122.264
509,37.8503,-122.268
510,37.8513,-122.258
511,37.844,-122.228
512,37.8374,-122.22
513,37.8284,-122.247
514,37.808,-122.304
515,37.8129,-122.289
516,37.8096,-122.278
517,37.8094,-122.272
518,37.803,-122.27
519,37.8032,-122.277
520,37.7447,-122.166
521,37.7404,-122.156
522,37.7389,-122.161
523,37.7513,-122.175
524,37.7646,-122.186
525,37.7598,-122.18
526,37.7675,-122.193
527,37.7687,-122.208
528,36.3049,-89.4413
529,36.2827,-89.4503
530,36.255,-89.4605
531,36.2373,-89.4862
532,33.6067,-92.8199
533,33.5978,-92.8184
534,33.6075,-92.7828
535,33.6013,-92.793
536,37.8041,-122.32
537,37.807,-122.322
538,37.8018,-122.314
539,37.7917,-122.264
540,37.7988,-122.268
541,37.778,-122.228
542,37.759,-122.197
543,37.7717,-122.207
544,37.8024,-122.231
545,37.7297,-122.201
546,37.8353,-122.26
547,37.825,-122.276
548,37.7598,-122.194
549,37.7435,-122.174
550,37.8157,-122.296
551,37.8089,-122.29
552,37.8122,-122.297
553,37.7512,-122.184
554,37.7898,-122.24
555,37.7939,-122.253
556,37.8074,-122.257
557,37.7818,-122.2
558,37.749,-122.163
559,37.7363,-122.175
560,37.7915,-122.243
561,37.7574,-122.215
562,37.7974,-122.261
563,37.7427,-122.187
564,37.7372,-122.179
565,37.7281,-122.175
566,37.7379,-122.191
567,37.729,-122.189
568,37.7146,-122.222
569,37.7202,-122.208
570,37.715,-122.203
571,37.7289,-122.207
572,37.7412,-122.226
573,37.7091,-122.213
574,37.7109,-122.232
575,37.7023,-122.219
576,37.7279,-122.226
577,37.729,-122.189
578,37.8455,-122.282
579,37.7541,-122.198
580,37.8413,-122.282
581,37.7556,-122.206
582,37.7504,-122.211
583,37.743,-122.204
584,37.8102,-122.31
585,37.816,-122.302
586,37.823,-122.297
587,37.8145,-122.311
588,37.8083,-122.324
589,37.7987,-122.291
590,37.7967,-122.311
591,37.8003,-122.33
592,37.8182,-122.281
593,37.8129,-122.286
594,37.7889,-122.255
595,37.7853,-122.245
596,37.7649,-122.218
597,37.7691,-122.229
598,37.7772,-122.238
599,37.7883,-122.216
600,37.7445,-122.158
601,37.7601,-122.17
602,37.7657,-122.176
603,37.7732,-122.184
604,37.8043,-122.216
605,37.8247,-122.261
606,37.7909,-122.203
607,37.8083,-122.264
608,37.8113,-122.262
609,37.8096,-122.248
610,37.7999,-122.256
611,37.8334,-122.276
612,37.8372,-122.269
613,37.8188,-122.272
614,37.7886,-122.22
615,37.7906,-122.224
616,37.7896,-122.222
617,37.8259,-122.267
618,37.8256,-122.266
619,37.8252,-122.264
620,37.8322,-122.268
621,37.8451,-122.265
622,37.7551,-122.186
623,41.6811,-87.0074
624,41.6831,-87.003
625,41.6931,-86.9615
626,41.6974,-86.9618
627,41.6566,-87.0479
628,41.6598,-87.0511
629,41.6569,-87.0607
630,41.6597,-87.0619
631,41.6594,-87.0651
632,41.6541,-87.0674
633,41.6591,-87.0695
634,41.6569,-87.0748
635,41.6227,-87.2201
636,41.615,-87.2228
637,41.6198,-87.2163
638,41.6547,-87.0094
639,41.6564,-87.0096
640,41.6615,-87.0095
641,41.6625,-87.0097
642,41.6798,-87.0097
643,41.6774,-87.0096
644,41.6754,-87.0097
645,41.7037,-86.9396
646,41.7031,-86.9438
647,41.7011,-86.9554
648,35.6854,-90.5714
649,35.5794,-90.4835
650,35.5593,-90.5375
651,35.513,-90.3581
652,35.5697,-90.322
653,35.5139,-90.4531
654,35.5384,-90.5552
655,35.5503,-90.6086
656,35.6055,-90.6004
657,35.6347,-90.5667
658,36.1323,-89.9584
659,36.0089,-89.9587
660,36.0307,-89.9585
661,36.0598,-89.9582
662,36.1034,-89.9585
663,36.0145,-89.7881
664,36.0064,-89.7882
665,36.0005,-89.784
666,36.0087,-89.7702
667,36.0279,-89.7703
668,36.0159,-89.7659
669,36.074,-89.7661
670,36.0883,-89.7176
671,36.0961,-89.695
672,36.1325,-89.7042
673,36.1765,-89.7234
674,36.1922,-89.7
675,36.3018,-89.6892
676,36.3056,-89.7081
677,36.387,-89.7379
678,36.3788,-89.8155
679,36.3285,-89.8087
680,36.3802,-89.9352
681,37.9806,-87.7167
682,38.1937,-87.9066
683,38.1305,-87.936
684,46.4708,-96.9739
685,46.4708,-97.0405
686,46.4708,-97.1554
687,46.4273,-97.2183
688,46.4709,-96.8937
689,46.4706,-97.1384
690,46.4563,-97.1763
691,46.3982,-97.2604
692,46.4128,-97.239
693,46.4417,-97.1973
694,46.4705,-97.1078
695,46.4705,-97.0935
696,46.471,-97.0719
697,46.4707,-97.0513
698,46.4708,-96.9183
699,46.4707,-96.9298
700,46.4707,-96.9419
701,46.4707,-96.9535
702,46.4707,-96.9889
703,46.4708,-97.0054
704,46.4707,-97.0203
705,46.4707,-97.1693
706,46.4707,-97.1836
707,46.3982,-97.2749
708,46.3983,-97.2476
709,46.3983,-97.2346
710,46.3983,-97.2207
711,46.3984,-97.2081
712,46.3984,-97.1808
713,46.3983,-97.1623
714,46.3983,-97.1491
715,46.3983,-97.1353
716,46.3983,-97.124
717,46.3983,-97.1108
718,46.3982,-97.0965
719,46.3956,-97.0717
720,46.3836,-97.0602
721,46.3836,-97.0441
722,46.3836,-97.0294
723,46.3838,-97.2185
724,46.3835,-97.0096
725,46.3837,-96.9955
726,46.3836,-96.9837
727,46.3838,-96.9566
728,46.4127,-97.2183
729,46.3837,-96.9359
730,46.3837,-96.9152
731,46.3837,-96.8963
732,46.3839,-96.8721
733,46.3839,-96.835
734,46.471,-96.8345
735,46.4999,-96.7478
736,46.4999,-96.7853
737,46.4999,-96.8277
738,46.4889,-96.8414
739,46.4706,-96.82
740,46.4711,-96.7991
741,46.485,-96.8203
742,46.4782,-96.8411
743,46.4708,-96.7361
744,46.4708,-96.7515
745,46.4708,-96.7709
746,46.4275,-96.7426
747,46.4275,-96.7611
748,46.4275,-96.7936
749,46.4275,-96.8257
750,46.4201,-96.8197
751,46.4055,-96.8198
752,46.3984,-96.8284
753,46.4274,-96.809
754,46.4927,-96.8205
755,46.4999,-96.7682
756,46.4564,-96.7428
757,46.4418,-96.7465
758,46.4183,-96.7987
759,46.4706,-97.124
760,34.0626,-117.3
761,34.0522,-117.217
762,34.081,-117.155
763,34.0812,-117.178
764,34.0776,-117.216
765,34.0557,-117.226
766,34.0048,-117.168
767,34.0187,-117.189
768,34.0275,-117.203
769,34.145,-117.343
770,34.1491,-117.385
771,34.1284,-117.359
772,34.1635,-117.279
773,34.1493,-117.282
774,34.114,-117.311
775,34.1075,-117.344
776,34.1074,-117.283
777,34.1032,-117.255
778,34.0712,-117.263
779,34.0775,-117.295
780,34.0865,-117.302
781,34.0806,-117.197
782,34.0745,-117.243
783,34.0376,-117.211
784,34.0461,-117.221
785,34.0466,-117.213
786,34.0533,-117.221
787,34.0633,-117.23
788,34.1216,-117.283
789,34.0702,-117.29
790,34.0686,-117.286
791,34.065,-117.285
792,34.0804,-117.283
793,34.0868,-117.275
794,34.0979,-117.262
795,34.0937,-117.286
796,34.1047,-117.282
797,34.0789,-117.301
798,34.069,-117.299
799,34.081,-117.293
800,34.0617,-117.292
801,34.0564,-117.308
802,34.0448,-117.319
803,34.0481,-117.313
804,34.0932,-117.333
805,34.1025,-117.338
806,34.1163,-117.351
807,34.1021,-117.304
808,34.1271,-117.321
809,34.0606,-117.255
810,34.052,-117.253
811,34.0414,-117.247
812,34.0682,-117.28
813,34.0686,-117.275
814,34.0711,-117.253
815,34.0774,-117.29
816,34.0744,-117.293
817,34.1186,-117.297
818,34.1224,-117.296
819,34.1166,-117.292
820,34.12,-117.3
821,34.1161,-117.299
822,34.1104,-117.346
823,34.0838,-117.28
824,34.0871,-117.289
825,34.0913,-117.27
826,34.1,-117.284
827,34.1147,-117.283
828,34.1187,-117.284
829,34.1195,-117.294
830,34.1185,-117.315
831,34.1093,-117.308
832,34.056,-117.254
833,34.0447,-117.248
834,34.0441,-117.243
835,34.0399,-117.243
836,34.0943,-117.302
837,34.1424,-117.281
838,34.1549,-117.282
839,34.1363,-117.281
840,34.1319,-117.283
841,34.126,-117.283
842,34.129,-117.283
843,34.1586,-117.282
844,34.1375,-117.335
845,34.1541,-117.349
846,34.1355,-117.365
847,34.1372,-117.369
848,34.1432,-117.375
849,34.0807,-117.168
850,34.0811,-117.19
851,34.0819,-117.208
852,34.0753,-117.225
853,34.1067,-117.242
854,34.0692,-117.283
855,34.0462,-117.035
856,34.0128,-117.035
857,34.4645,-117.361
858,34.4644,-117.358
859,34.4609,-117.361
860,34.4606,-117.365
861,34.4641,-117.365
862,34.5958,-117.542
863,34.5695,-117.542
864,34.543,-117.542
865,34.5215,-117.542
866,34.4898,-117.619
867,34.5122,-117.629
868,34.5161,-117.63
869,34.4675,-117.359
870,34.4671,-117.357
871,34.422,-117.403
872,34.1398,-116.274
873,34.1407,-116.276
874,34.1418,-116.274
875,34.1398,-116.276
876,34.1362,-116.301
877,34.1361,-116.302
878,34.1419,-116.245
879,34.1454,-116.29
880,34.0885,-116.281
881,34.0885,-116.279
882,34.0899,-116.281
883,34.1411,-116.292
884,34.1417,-116.332
885,34.5171,-117.571
886,34.5138,-117.603
887,37.4324,-122.1646
888,37.4515,-122.1156
889,37.4394,-122.1153
890,37.4364,-122.1186
891,37.456,-122.1175
892,37.4531,-121.9154
893,37.4432,-121.9121
894,37.4252,-121.8747
895,37.423,-121.8806
896,37.4299,-121.9146
897,37.4231,-121.9286
898,37.4245,-121.924
899,37.4306,-122.1297
900,37.4192,-121.9462
901,37.4191,-121.9497
902,37.4109,-121.9949
903,37.3957,-122.0217
904,37.3966,-121.9994
905,37.3869,-122.0135
906,37.3762,-122.0393
907,37.3821,-122.0267
908,37.3922,-121.9824
909,37.4123,-122.0987
910,37.4051,-122.0832
911,37.4021,-122.0657
912,37.4047,-122.076
913,37.3957,-122.0217
914,37.4496,-122.1459
915,37.3945,-122.0597
916,37.3999,-121.9942
917,37.4106,-121.9865
918,37.4102,-121.9598
919,37.4127,-121.9265
920,37.4166,-121.9317
921,37.422,-121.9763
922,37.4078,-121.9767
923,37.3951,-121.987
924,37.3669,-121.91
925,37.3545,-121.941
926,37.3273,-122.0044
927,37.3595,-121.9745
928,37.4209,-122.0822
929,37.4014,-121.9685
930,37.3914,-121.9569
931,37.3903,-121.9456
932,37.3689,-121.9346
933,37.3633,-121.9374
934,37.3552,-121.9266
935,37.3597,-121.9178
936,37.4176,-122.019
937,37.412,-122.0202
938,37.4299,-121.9802
939,37.357,-121.9156
940,37.426,-121.9267
941,37.4329,-121.9287
942,37.4053,-121.9243
943,37.3974,-121.9159
944,37.4052,-122.0439
945,37.4108,-122.0465
946,37.4176,-122.05
947,37.4235,-122.053
948,37.4257,-122.0578
949,37.3574,-121.9222
950,37.3547,-121.9189
951,37.3629,-121.928
952,37.4049,-122.0484
953,37.4024,-122.0384
954,37.4269,-122.0413
955,37.4275,-122.0683
956,37.346,-121.9079
957,37.3766,-121.8901
958,37.3243,-121.8639
959,37.3342,-121.8987
960,37.3285,-121.8928
961,37.3514,-121.8839
962,37.3573,-121.8754
963,37.3557,-121.8761
964,37.3473,-121.8721
965,37.3342,-121.8682
966,37.377,-121.8944
967,37.4257,-121.9668
968,37.3712,-121.8324
969,37.3445,-121.8776
970,37.3647,-121.8901
971,37.3751,-121.9053
972,37.3719,-121.8825
973,37.356,-121.8601
974,37.3764,-121.8733
975,37.3823,-121.8659
976,37.3879,-121.8556
977,37.4022,-121.8272
978,37.3937,-121.8471
979,37.3915,-121.8885
980,37.4055,-121.8595
981,37.3367,-121.8695
982,37.2768,-121.9441
983,37.3163,-121.9032
984,37.3178,-121.9435
985,37.3777,-121.9363
986,37.316,-121.7973
987,37.4587,-122.1046
988,37.4524,-122.1351
989,37.4524,-122.1351
990,37.3346,-122.0649
991,37.3999,-122.1192
992,37.383,-122.1
993,37.3374,-122.0505
994,37.3447,-122.0449
995,37.3521,-122.0648
996,37.3588,-122.055
997,37.3384,-122.0153
998,37.3373,-121.9914
999,37.3424,-121.9437
1000,37.331,-121.953
1001,37.3137,-121.9487
1002,37.301,-121.9481
1003,37.3053,-121.9335
1004,37.2824,-121.9245
1005,37.2815,-121.9057
1006,37.2868,-121.8791
1007,37.3044,-121.877
1008,37.3822,-121.9699
1009,37.3907,-121.968
1010,37.4145,-121.9393
1011,37.3505,-121.8562
1012,37.341,-121.837
1013,37.3124,-121.8215
1014,37.385,-121.9147
1015,37.4052,-121.9342
1016,38.6204,-90.1625
1017,38.8558,-90.2123
1018,45.9584,-86.2934
1019,45.9675,-86.3062
1020,45.9652,-86.3031
1021,45.9629,-86.2999
1022,45.9607,-86.2967
1023,45.9181,-86.3127
1024,45.925,-86.2974
1025,45.9388,-86.283
1026,45.9568,-86.2613
1027,45.9551,-86.2693
1028,45.9651,-86.2704
1029,35.0198,-90.4376
1030,35.049,-90.4376
1031,37.7869,-122.3893
1032,37.7978,-122.477
1033,37.4562,-122.1726
1034,37.5558,-122.2477
1035,37.5558,-122.2477
1036,37.4232,-122.2014
1037,37.4562,-122.1726
1038,37.4549,-122.17
1039,37.4549,-122.1694
1040,37.4545,-122.1685
1042,37.4519,-122.1677
1043,37.672,-122.4539
1044,37.6694,-122.4511
1045,37.6842,-122.4682
1046,37.6747,-122.4593
1047,38.2341,-122.1628
1048,35.1098,-120.6254
1049,35.1099,-120.6252
1050,35.11,-120.625
1051,35.1101,-120.6248
1052,35.1043,-120.6299
1053,35.1043,-120.6288
1054,35.1044,-120.6284
1055,35.1046,-120.6278
1056,35.1079,-120.6239
1057,35.1078,-120.6247
1058,35.1077,-120.6248
1059,35.1086,-120.6245
1060,35.1085,-120.6247
1061,35.1084,-120.625
1062,35.1078,-120.6242
1063,35.1091,-120.6253
1064,35.1093,-120.6249
1065,35.1089,-120.6223
1066,35.1108,-120.6215
1067,35.11,-120.623
1068,35.1051,-120.6292
1069,35.1033,-120.6311
1070,35.104,-120.6312
1071,35.1051,-120.6285
1072,35.1053,-120.6278
1073,35.1037,-120.6259
1074,35.1016,-120.6246
1075,35.1002,-120.6189
1076,35.1055,-120.6268
1077,35.1094,-120.628
1078,35.1097,-120.6264
1079,35.1073,-120.6267
1080,35.1082,-120.6279
1081,35.0981,-120.6186
1082,35.0983,-120.6191
1083,35.0978,-120.6181
1084,36.801,-89.7472
1085,36.7144,-89.7474
1086,35.1946,-89.9873
1087,35.1925,-89.9567
1088,35.196,-89.9444
1089,35.1703,-89.9003
1090,35.1875,-89.909
1091,35.1997,-89.9238
1092,35.1912,-89.9183
1093,35.1866,-89.9146
1094,35.1568,-89.8815
1095,35.1341,-89.8661
1096,35.1336,-89.8538
1097,35.1431,-89.8579
1098,35.1289,-89.8364
1099,35.1184,-89.8022
1100,35.1,-89.7658
1101,35.1037,-89.7507
1102,35.1045,-89.7316
1103,35.098,-89.7212
1104,35.1015,-89.7151
1105,35.0911,-89.7024
1106,35.0783,-89.6519
1107,35.0072,-89.9757
1108,34.6314,-90.2327
1109,34.6344,-90.2365
1110,34.8298,-90.2122
1111,34.8011,-90.2289
1112,34.7876,-90.2903
1113,34.8098,-90.2903
1114,34.8028,-90.2729
1115,34.7727,-90.3046
1116,34.7952,-90.3267
1117,34.8399,-90.3608
1118,34.8353,-90.3581
1119,34.7097,-90.4609
1120,34.713,-90.4211
1121,34.7142,-90.2662
1122,34.6436,-90.3406
1123,34.6833,-90.3182
1124,34.6345,-90.3405
1125,34.5688,-90.3568
1126,34.5833,-90.3452
1127,34.5243,-90.4367
1128,34.5106,-90.4106
1129,34.5608,-90.4608
1130,34.6846,-90.3519
1131,34.6705,-90.3444
1132,34.681,-90.3365
1133,34.7285,-90.3682
1134,34.787,-90.3927
1135,34.7724,-90.3579
1136,34.7356,-90.4488
1137,34.7741,-90.2467
1138,34.7438,-90.2455
1139,34.5836,-90.2334
1140,34.67,-90.2364
1141,34.6997,-90.2527
1142,34.6699,-90.4093
1143,34.6575,-90.4281
1144,34.5936,-90.468
1145,34.5429,-90.3332
1146,34.5248,-90.3926
1147,34.7509,-90.3162
1148,34.6179,-89.9475
1149,34.7021,-89.9702
1150,33.2904,-92.4836
1151,33.2945,-92.4752
1152,33.3179,-92.5031
1153,33.3252,-92.5258
1154,33.3307,-92.528
1155,33.3363,-92.5367
1156,33.1587,-92.1135
1157,33.1512,-92.1127
1158,33.1476,-92.1573
1159,33.2993,-92.3523
1160,33.032,-92.0898
1161,33.0297,-92.0983
1162,33.0308,-92.1079
1163,33.038,-92.1131
1164,33.0474,-92.1181
1165,33.055,-92.1258
1166,33.2859,-92.3612
1167,33.2808,-92.3745
1168,37.9278,-87.4928
1169,37.9329,-87.4714
1170,37.9463,-87.4712
1171,37.951,-87.5722
1172,37.9411,-87.568
1173,37.9318,-87.5595
1174,37.9294,-87.5023
1175,37.9072,-87.512
1176,37.9155,-87.5278
1177,37.9229,-87.5453
1178,37.9913,-87.4582
1179,37.9765,-87.4735
1180,37.9894,-87.4738
1181,38.0275,-87.4714
1182,37.984,-87.4774
1183,37.9775,-87.488
1184,37.9763,-87.5019
1185,37.9828,-87.5016
1186,37.988,-87.5017
1187,37.9732,-87.4519
1188,37.992,-87.5474
1189,38.008,-87.5264
1190,37.9892,-87.5277
1191,37.9843,-87.519
1192,37.981,-87.5528
1193,37.9873,-87.5623
1194,37.9856,-87.5779
1195,37.9824,-87.5855
1196,38.0381,-87.4728
1197,38.0495,-87.4738
1198,38.0349,-87.4919
1199,37.9797,-87.5937
1200,37.984,-87.5816
1201,37.989,-87.5521
1202,37.9742,-87.5659
1203,37.9796,-87.6256
1204,37.9602,-87.6341
1205,38.025,-87.5949
1206,38.0135,-87.5978
1207,38.0532,-87.505
1208,38.0281,-87.5405
1209,37.9911,-87.4456
1210,38.0058,-87.4454
1211,38.0067,-87.4365
1212,38.0201,-87.4365
1213,38.0274,-87.4274
1214,38.0885,-87.4658
1215,38.0583,-87.4729
1216,37.9802,-87.4503
1217,38.0781,-87.4658
1218,38.0677,-87.4659
1219,38.0523,-88.061
1220,36.9261,-89.1582
1221,37.8064,-122.316
1222,37.8081,-122.275