-122.253,37.7847
-122.2463,37.7802
-122.2491,37.7828
-122.2478,37.7829
-122.2506,37.7816
-122.2518,37.7831
-122.2371,37.7478
-122.2371,37.7506
-122.279,37.785
-122.2882,37.7851
-122.2884,37.7881
-122.2791,37.7893
-122.2788,37.7869
-122.3137,37.7832
-122.3136,37.7824
-122.3134,37.7838
-122.3251,37.7817
-122.3257,37.7894
-122.3265,37.7955
-122.2369,37.7592
-122.2384,37.7665
-122.2897,37.7747
-122.2659,37.7732
-122.2955,37.7723
-122.2717,37.7682
-122.2588,37.7606
-122.2591,37.7437
-122.2272,37.755
-122.2794,37.7764
-122.3141,37.8636
-122.3058,37.8711
-122.3017,37.8613
-122.3011,37.8585
-122.2994,37.8533
-122.3094,37.8776
-122.3151,37.8395
-122.3031,37.837
-122.2988,37.8375
-122.2974,37.8443
-95.246,29.0739
-95.2183,29.0127
-79.79,32.7874
-79.748,32.803
-79.7629,32.7987
-79.7739,32.7953
-79.7988,32.7838
-79.81,32.8193
-79.7766,32.8445
-79.8154,32.8152
-79.7832,32.8409
-79.7364,32.8808
-79.7655,32.8603
-79.8311,32.8049
-79.8472,32.7922
-79.8186,32.7692
-79.8145,32.7766
-79.8051,32.7808
-79.857,32.7602
-79.8428,32.7597
-80.1276,32.5954
-80.1283,32.5907
-80.1175,32.6016
-80.105,32.6039
-80.0564,32.6245
-80.0184,32.6178
-80.049,32.6136
-80.0603,32.6106
-80.1423,32.6101
-80.1625,32.5916
-80.1774,32.5617
-80.1583,32.57
-79.9452,32.6736
-79.9496,32.6538
-79.9607,32.6487
-79.9433,32.6569
-79.9271,32.6627
-79.9193,32.6677
-79.9018,32.6758
-79.8915,32.6833
-79.9387,32.7085
-79.9133,32.731
-80.1515,32.5892
-80.1675,32.5778
-80.1785,32.5723
-80.1712,32.5753
-79.9353,32.6621
-88.2449,47.1664
-88.2449,47.1588
-95.769,28.75
-95.6124,28.7747
-122.32,37.8041
-122.322,37.807
-122.314,37.8018
-122.213,37.7091
-122.232,37.7109
-122.219,37.7023
-122.324,37.8083
-122.33,37.8003
-87.0074,41.6811
-87.003,41.6831
-86.9618,41.6974
-87.0511,41.6598
-87.0607,41.6569
-87.0619,41.6597
-87.0651,41.6594
-87.0695,41.6591
-87.0097,41.6798
-87.0096,41.6774
-87.0097,41.6754
-86.9438,41.7031
-86.9554,41.7011
-121.9802,37.4299
-122.1046,37.4587
-122.3893,37.7869
-122.477,37.7978
-122.2477,37.5558
-122.2477,37.5558
-120.6254,35.1098
-120.6252,35.1099
-120.625,35.11
-120.6248,35.1101
-120.6299,35.1043
-120.6288,35.1043
-120.6284,35.1044
-120.6278,35.1046
-120.6239,35.1079
-120.6247,35.1078
-120.6248,35.1077
-120.6245,35.1086
-120.6247,35.1085
-120.625,35.1084
-120.6242,35.1078
-120.6253,35.1091
-120.6249,35.1093
-120.6223,35.1089
-120.623,35.11
-120.6292,35.1051
-120.6311,35.1033
-120.6312,35.104
-120.6285,35.1051
-120.6278,35.1053
-120.6259,35.1037
-120.6268,35.1055
-120.628,35.1094
-120.6264,35.1097
-120.6267,35.1073
-120.6279,35.1082
-122.316,37.8064
