"citation_ID","citation_url","citation_doi","citation_text","citation_comment"
"1",,,"Yong, A., A. Martin, K. Stokoe, and J. Diehl (2013). ARRA-funded VS30 measurements using multi-technique approach at strong-motion stations in California and central-eastern United States, USGS Open-File Reptort 2013-1102, 65 p.",NULL
"2",,,"Wilson, R.C., R.E. Warrick, and M.J. Bennett (1978). Seismic velocities of San Francisco bayshore sediments, Proc. ASCE Geotechnical Engineering Specialty Conference on Earthquake Engineering and Soil Dynamics, Pasadena, CA June 19-21, 1978, II, 1007-1023.",NULL
"3",,,"William Lettis & Associates, Inc (2003). Seismic Hazard Evaluation Report for El Portal Elementary School 2600 Moraga Road, San Pablo, Califonia",NULL
"4",,,"Wallace-Kuhi & ASSOCIATES (2016). Supplemental Geotechnical Engineering and Engineering Analysis WILLIS JEPSON MIDDLE SCHOOL - Classroom F 580 Elder Street Vacaville, California",NULL
"5",,,"Wallace-Kuhi & ASSOCIATES (2015). Geotechnical Engineering and Geologic Hazards Investigation UNIVERSITY RETIREMENT COMMUNITY AT DAVIS SKILLED NURSING FACILITY EXPANSION STUDY 1515 Shasta Drive Davis, California WKA No. 10359.01 January 22, 2015",NULL
"6",,,"Velocity profiles from Agbabian Associates (1993): Borehole geophysical measurements at 24 soil and rock sites, Report No. 9225-6427. Coordinates from Boore (2003).",NULL
"7",,,"Velocity profiles from Agbabian Associates (1993): Borehole geophysical measurements at 24 soil and rock sites, Report No. 9225-6427. Coordinates approximated from Google Maps.",NULL
"8",,,"Velocity profiles from Agbabian Associates (1993): Borehole geophysical measurements at 24 soil and rock sites, Report No. 9225-6427. Boring log from USGS OFR 93-502 (Powers, T.J. and T.E. Fumal (1993). Geologic Logs From 25 Boreholes Near Strong Motion Accelerographs that Recorded the 1989 Loma Prieta, California, Earthquake, U.S. Geological Survey Open-File Report 93-502, 177 pp.). Coordinates from Boore (2003).",NULL
"9",,,"Velocity profiles from Agbabian Associates (1993): Borehole geophysical measurements at 24 soil and rock sites, Report No. 9225-6427. Boring log from USGS OFR 93-502 (Powers, T.J. and T.E. Fumal (1993). Geologic Logs From 25 Boreholes Near Strong Motion Accelerographs that Recorded the 1989 Loma Prieta, California, Earthquake, U.S. Geological Survey Open-File Report 93-502, 177 pp.). Coordinates approximated from site plan in USGS OFR 93-502 via Google Maps.",NULL
"10",,,"Velocity profiles from Agbabian Associates (1993): Borehole geophysical measurements at 24 soil and rock sites, Report No. 9225-6427. Boring log from Stewart, J.P. and Stewart, A.F. (1997). Analysis of soil-structure interaction effects on building response from earthquake strong motion recordings at 58 sites, Rpt. No. UCB/EERC-97/01, Earthquake Engineering Research Center, University of California, Berkeley, February, 742 pgs.",NULL
"11",,,"Velocity profiles from Agbabian Associates (1993): Borehole geophysical measurements at 24 soil and rock sites, Report No. 9225-6427.",NULL
"12",,,"Velocity profiles and Coordinates from Agbabian Associates (1993): Borehole geophysical measurements at 24 soil and rock sites, Report No. 9225-6427.",NULL
"13",,,"VAN BEVEREN & BUTELO (2009). Phase 1 Report Seismic Retrofit of Three Existing Buildings Sharp Memorial Hospital San Diego, California for Sharp Healthcare Van Beveren & Butelo Project 51-1-09001-011",NULL
"14",,,"USGS: OFR 93-376 and 93-502 (Powers, T.J. and T.E. Fumal (1993). Geologic Logs From 25 Boreholes Near Strong Motion Accelerographs that Recorded the 1989 Loma Prieta, California, Earthquake, U.S. Geological Survey Open-File Report 93-502, 177 pp.). Coordinates from Boore (2003).",NULL
"15",,,"USGS: OFR 92-287 and 93-502 (Powers, T.J. and T.E. Fumal (1993). Geologic Logs From 25 Boreholes Near Strong Motion Accelerographs that Recorded the 1989 Loma Prieta, California, Earthquake, U.S. Geological Survey Open-File Report 93-502, 177 pp.). Coordinates from Boore (2003).",NULL
"16",,,"URS (2008). Report Geotechnical Investigation Seismic Retrofit of Building 2-2A Scripps Mercy Hospital, Chula Vista 435 H Street Chula Vista, California (URS Job No. 29403959)",NULL
"17",,,"URS (2006). Geotechnical Investigation Report Proposed New Pedestrian Bridge for Children's Hospital of San Diego 3020 Children's Way, San Diego, California",NULL
"18",,,"URS CORPORATION (2006). Report on Seismic Ground-Motion Hazard Analysis Palomar Medical Center West Escondido, California For Palomar Pomerado Health System (September 15, 2005-Revised March 2006)",NULL
"19",,,"TWINING LABORATORIES. INC. (2007). Revised Geotechnical Engineering Investigation Report Proposed Utility Plant and Cooling Tower Yard Madera Community Hospital Madera, California",NULL
"20",,,"Treadwell & Rollo. (2005). Revised Report Geologic Hazard Evaluation and Geotechnical Investigation Mills-Peninsula Replacement Hospital San Mateo County Burlingame, California",NULL
"21",,,"Treadwell & Rollo. (2005). Response to CGS Review Comments Geologic Hazard Evaluation and Geotechnical Investigation John Muir Medical Center Expansion Contra Costa County Walnut Creek, California OSHPD Nos. HS-032223-07 and HS-040259-07",NULL
"22",,,"Treadwell & Rollo. (2004). Geotechnical Investigation and Geologic Hazard Evaluation Report Cathedral Hill Hospital California Pacific Medical Center San Francisco, California",NULL
"23",,,"Treadwell & Rollo. (2003). Geotechnical and Earthquake Engineering Study Moffitt Hospital/Medical Sciences Building University of California at SanFrancisco - Parnassus Campus San Francisco, California",NULL
"24",,,"TRC. (2015). Response to CGS Comments Cedar Grove Elementary School Improvements 2702 Sugarplum Drive San jose, Santa Clara County, California",NULL
"25",,,"TRC Lowney. (2008). Site Specific Ground Motion Analysis Revosed Quimby Oak MS Addition of (8) New Classrooms-Increment 1 DSA File No. 43-15 DSA Application NO: 01-109535 3190 Quimby Road San Jose, California",NULL
"26",,,"Thompson, E.M., Kayen, R.E., Carkin, B., and Tanaka, H. (2010). Surface-wave site characterization at 52 strong-motion recording stations affected by the Parkfield, California, M6.0 earthquake of 28 September 2004. U.S. Geological Survey Open-File Report 2010-1168, 117 p. [http://pubs.usgs.gov/of/2010/1168/]",NULL
"27",,,"Terracon. (2016). Response to California Geological Survey Comments Engineering Geology and Seismology Review Letter Santa Ana College, New Three Story Science Center Building 1530 West 17th Street Santa Ana, California Terracon Project No. 60145101",NULL
"28",,,"Suspention Log data from GEOVision, Inc., presented in: Agbabian Associates (1997): Suspension Velocity Measurements at the University of California San Diego Medical Center Borehole CLC-1, Prepared for Institue of Geophysics and Planetary Physics, Scripps Institute of Oceanography, UCSD; Agbabian Associates Report No. 9729-6641, July 1, 1997. Location and SCPT data presented in: Minster et al. (1997): Initial Source and Site Characterization Studies for the U.C. San Diego Campus, Report No. UCRL-ID-134785. Part of the University of California Campus Earthquake Program (UC-CEP), described in Heuze et al. (2004), Estimating site-specific strong earthquake motions, Soil Dynamics & Earthquake Engineering 24, 199-223.",NULL
"29",,,"Stewart, JP, PM Smith, DH Whang, and JD Bray (2004). Seismic compression of two compacted earth fills shaken by the 1994 Northridge earthquake, J. Geotech. & Geoenv. Engrg., ASCE, 130 (5), 461-476.",NULL
"30",,,"Stewart, JP and Sholtis, S (2005). Case Study of Strong Ground Motion Variations across Cut Slope, Soil Dynamics and Earthquake Engineering, 25(7-10), 539-545.",NULL
"31",,,"Stewart, J.P. and Stewart, A.F. (1997). Analysis of soil-structure interaction effects on building response from earthquake strong motion recordings at 58 sites, Rpt. No. UCB/EERC-97/01, Earthquake Engineering Research Center, University of California, Berkeley, February, 742 pgs.",NULL
"32",,,"Dames and Moore (1959). Borings for Site Foundation Investigation, Appendix VI to Final Hazards Summary Report, Humbolt Bay Power Plant, Unit No. 3.",NULL
"33",,,"Woodward Clyde Consultants, WCC (1980). Evaluation of the Potential for Resolving the Geologic and Seismic Issues at the Humboldt Bay Power Plant Unit No. 3, Appendices.",NULL
"34",,,"SOUTHWEST GEOPHYSICS, INC. (2011). Report of Geotechnical Investigation Proposed 5-Year Campus lmprovement Plan Los Angeles Trade Technical College Los Angeles, California",NULL
"35",,,"SIERRA GEOTECHNICAL SERVICES, INC. (2009). GEOLOGIC AND SEISMIC HAZARDS ASSESSMENT AND GEOTECHNICAL INVESTIGATION Lee Vining Elementary School Modernization Lee Vining, Mono County, Califomia",NULL
"36",,"10.7909/C3WD3xH1","SCEDC (2013): Southern California Earthquake Data Center. Caltech. Dataset.",NULL
"37",,,"RUTHERFORD & CHEKENE. (2007). Geologic Hazards Study Lucile Packard Children's Hospital Phase 2 Exoansion Project Palo Alto, California",NULL
"38",,,"ROSRINE Phase 5b",NULL
"39",,,"ROSRINE Phase 4a",NULL
"40",,,"ROSRINE Phase 2b",NULL
"41",,,"ROSRINE Phase 2a",NULL
"42",,,"ROSRINE Phase 1",NULL
"43",,,"ROLLO & RIDLEY, INC. (2016). Geotechnical Investigation and Geologic Hazard Evaluation New Skilled Nursing Facility and Parking Garage Masonic Homes of California Union City, California",NULL
"44",,,"RGH CONSULTANTS. (2010). Geologic and Seismic Hazards Report Update Ukiah Valley Medical Center 275 Hospital Drive Ukiah, California",NULL
"45",,,"Pradel, D., Smith, P.M., Stewart, J.P., and Raad, G. (2005). Case History of Landslide Movement during the Northridge Earthquake. Journal of Geotechnical and Geoenvironmental Engineering, 131(11), 1360-1369.",NULL
"46",,,"Porcella, R.L. (1984). Geotechnical investigations at strong-motion stations in the Imperial Valley, California, U.S. Geological Survey Open-File Report 84-562, 174 p. Data reprocessed by Boore, D.M. (2003). A Compendium of P- And S-Wave Velocities from Surface-To-Borehole Logging: Summary and Reanalysis of Previously Published Data and Analysis of Unpublished Data, U.S. Geological Survey Open-File Report 03 -191, 14 p.",NULL
"47",,,"Phase 1 Geotechnical Data Report: Reclamation District 17, Urban Levee Geotechnical Evaluations Program, CA DWR/URS, October 2008.",NULL
"48",,,"Phase 1 Geotechnical Data Report, Natomas East main Drainage Canal (NEMDC) East Study Area, Urban Levee Geotechnical Evaluations Program, March 2009",NULL
"49",,,"Phase 1 Geotechnical Data Report (P1GDR): Reclamation District 404 Study Area, Urban Levee Geotechnical Evaluations Program, August 2008.File name: RD404-Vs",NULL
"50",,,"Phase 1 Geotechnical Data Report (P1GDR): Natomas East Main Drainage Cannal (NEMDC) West Study Area, Urban Levee Geotechnical Evaluations Program, October 2008; File name: SCPT_NMDW_Vs",NULL
"51",,,"Phase 1 Geotechnical Data Report (P1GDR): Davis Study Area, Urban Levee Geotechnical Evaluations Program, September 2008.",NULL
"52",,,"Phase 1 Geotechnical Data Report (P1GDR), Woodland Study Area, Urban Levee Geotechnical Evaluations Program, June 2009.",NULL
"53",,,"Petralogix (2017). Vs30 Site Characterization Report, Los Angeles, Orange, Ventura, San Bernardino, and Riverside Counties. Report 2017-00006.",NULL
"54",,,"PETRA GEOTECHNICAL, INC. (2013). Design-Phase Engineering Geologic Investigation, Proposed Seismic Miltigation for Existing Auditorium Building at Wilson High School, 4400 East 10th Street, City of Long Beach, California",NULL
"55",,,"PETRA GEOSCIENCES, INC. (2016). Design-Phase Engineering Geologic Investigation, Proposed 40-Meter Swimming Pool and Appurtenant Improvements at Westminster High School, 14325 Goldenwest Street, City Of Westminster, California",NULL
"56",,,"NINYO & MOORE. (2016). Geotechnical Evaluation and Geologic Hazard Assessment Piedmont Avenue Elementary School",NULL
"57",,,"Ninyo & Moore. (2016). Geotechnical Evaluation  OCC Professional Mariner Training Center 1700 West Coast Highway  Newport Beach, California",NULL
"58",,,"Mitchell et al., Insitu Test Results From Four Loma Prieta Earthquake Liquefaction Sites: SPT, CPT, DMT and Shear Wave Velocity, College of Engineering at the University of California at Berkeley, Berkeley, CA, USA,  Report No. UCB/EERC-94/04, April 1994 ",NULL
"59",,,"MACTEC. (2009). Letter of Transmittal Report of Geotechnical Consultation Proposed Seismic Evaluation Los Angeles Community Hospital 4081 East Olympic Boulevard Los Angeles, California MACTEC Project 4953-09-0081",NULL
"60",,,"MACTEC. (2009). LETTER OF TRANSMITTAL1 Report of Geotechnical Investigation Proposed Library/Learning Crossroads Building 6201 Winnetka Avenue woodland Hills District, Los Angeles California MACTEC Project 4953-09-1791",NULL
"61",,,"MACTEC. (2006). Revised Report of Geotechnical Consultation Proposed Main Building SPC-2 Seismic Upgrage Saint Joseph Hospital 1100 West Stewart Drive",NULL
"62",,,"MACTEC. (2006). Revised Geotechnical Investigation Proposed South Building Hoag Memorial Hospital Presbyterian One Hoag Drive Newport Beach, California MACTEC Project 4953-05-2451",NULL
"63",,,"MACTEC. (2006). Report of Geotechnical Investigation Proposed SPC-2 Seismic Upgrade of Main Hospital Building Saint Jude Medical Center 101 East Valencia Mesa Drive Fullerton, California MACTEC Projeck 4953-05-0871",NULL
"64",,,"MACTEC Engineering and Consulting, Inc. (2005). Addendum to Report of Geotechnical Investigation Ground Motion Study Proposed Addition 999 San Bernardino Road Upland, California MACTEC Projeck 4953-04-1711",NULL
"65",,,"Li Q., Woolery E.W., Crawford M.W., Vance D.M. (2013). Seismic Velocity Database for the New Madrid Seismic Zone and Its Vicinity. Information Circular 27, Series XII. Kentucky Geological Survey, University of Kentucky, Lexington.",NULL
"66",,,"Leighton Consulting, Inc. (2017). Supplemental Geotechnical Exploration Beverly Hills High School, Proposed Building C 241 Moreno Drive Beverly Hills, Los Angeles County, California CGS Application No. 03-CGS1922 DSA Application No. 03-116420",NULL
"67",,,"Leighton Consulting, Inc. (2013). Geotechnical Investigation Proposed Administration Building Granite Hills High School El Cajon, California",NULL
"68",,,"Leighton Consulting, Inc. (2007). Preliminary Geotechnical Investigation, Proposed Phase 2 Expansion New Hospital Building and Central Utility Plant Extension, Kaiser Permanente Ontario-Vineyard Medical Center, 2295 South Vineyard Avenue, Ontario, California",NULL
"69",,,"Leighton Consulting, Inc. (2004). Geotechnical Investigation and Geologic Hazard Evaluation, Science and Math Building, West Los Angeles Community College, Culver City, California",NULL
"70",,,"Leroy Crandall Associates (1979). Report file 79077",NULL
"71",,,"KLING Consulting Group, Inc. (2011). Site Specific Geologic Site Hazard Review and Geotechnical Investigation, SPC-2 Evaluation of Kindred Hospital Ontario, Facility ID: 10685, 550 North Monterey A venue, County of San Benardino, California",NULL
"72",,,"KLEINFELDER. (2008). SB-1953 Seismic Evaluation and Upgrade Scripps Memorial Hospital La Jolla 9888 Genesee Avenue La Jolla, California",NULL
"73",,,"Kayen, R.E., Thompson, E.M., Minasian, D., Carkin, B. (2005). Shear-Wave Velocity of the Ground Near Sixty California Strong Motion RecordingSites by the Spectral Analysis of Surface Waves (SASW) Methodand Harmonic-Wave Sources. USGS OFR 2005-1366.",NULL
"74",,,"Kayen et al. 2005 - Shear Wave Velocity Of The Ground Near Southern California TRINET Sites Using The Spectral Analysis Of Surface Waves Method (SASW) And Parallel-Arrayed Harmonic-Wave Sources - USGS OFR 2005-1365",NULL
"75",,,"JOHN R. BYERLY, INC. (2015). John A. Rowland High School, Additions and Renovation, 2000 Otterbein Avenue, Rowland Heights, California; Second Supplemental Response to Second Engineering Geology and Seismology Review",NULL
"76",,,"John R. Byerly, Inc. (2014). Geotechnical Investigation Rancho Cucamonga High School New Auditorium Building Rancho Cucamonga, California Chaffey Joint Union High School District",NULL
"77",,,"John R. Byerly INCORPORATED. (2017). PASADENA HIGH SCHOOL POOL REPLACEMENT AND IMPROVEMENTS  2925 EAST SIERRA MADRE BOULEVARD PASADENA, CALIFORNIA",NULL
"78",,,"IRVINE GEOTECHNICAL CONSULTANTS, INC. (1986). SEISMICITY AND LIQUEFACTION SYUDY FOUR-STORY SKILLED NURSING FACILITY FOUNTAIN VALLEY, CALIFORNIA",NULL
"79","https://seisimager.com/",,"Geometrics. https://seisimager.com/",NULL
"80",,,"Holzer, TL, Noce, TE, and Bennett, MJ (2010). Maps and Documentation of Seismic CPT Soundings in the Central, Eastern, and Western United States, USGS Open-File Report 2010-1136, 86 p. Data accessed from https://earthquake.usgs.gov/research/cpt/data/ on 05.29.2018.",NULL
"81",,,"HOLDREGE & KULL. (2017). Geotechnical Engineering Report and Geologic Hazards Evaluation Update for the Proposed New Track And Field Stadium Improvements Chico High School 901 Esplanade Chico, Butte County, California",NULL
"82",,,"HOLDREGE & KULL. (2017). Geotechnical Engineering Report and Geologic Hazards Evaluation Report for the Proposed New Buildings and Classrooms Loma Vista School and Marigold Elementary School 2404 and 2446 Marigold Avenue Chico, Butte County, California",NULL
"83",,,"HOLDREGE & KULL. (2017). Geotechnical Engineering Inverstigation and Engineering Geology Report for the Paradise High School, New Gymnasium Building 5911 Maxwell Drive, Paradise, California",NULL
"84",,,"HOLDREGE & KULL. (2017). Geologic Hazards Evaluation and Geotechnical Engineering Report for Shasta Elementary School 169 and 193 Leora Court Chico, Butte County, California",NULL
"85",,,"HOLDREGE & KULL. (2016). Geotechnical Engineering Investigation and Engineering Geology Report for the Orville Hospital Addition 2767 Olive Highway, Oroville, California",NULL
"86",,,"HOLDREGE & KULL. (2016). Geotechnical Engineering and Geologic Hazards Report for Truckee Elementary School 11911 Donner Pass Road Truckee, Nevada County, California",NULL
"87",,,"HOLDREGE & KULL. (2016). Geotechnical Engineering and Geologic Hazards Report for Donner Trail Elementary School 52755 Donner Pass Road Kingvale, Placer/Nevada County, California",NULL
"88",,,"HOLDREGE & KULL. (2016). Geologic Hazards Evaluation and Geotechnical Engineering Report for the Proposed Two Story Modular Classroom Building Relocation William Land Elementary School 2120 12th Street Sacramento, California",NULL
"89",,,"HOLDREGE & KULL. (2016). Geologic Hazards Evaluation And Geotechnical Engineering Investigation Report for the New Classroom Addition and Sports Stadium Renovation Sutter Union High School 2665 Acacia Avenue, Sutter, California",NULL
"90",,,"HOLDREGE & KULL. (2016). Geologic Hazards And Geotechnical Engineering Report for the Maywood Middle School Proposed Modular Classrooms 1666 Marguerite Avenue Corning, Tehama County, California",NULL
"91",,,"HOLDREGE & KULL. (2015). Geologic Hazards Evaluation Report for Truckee High School All-Weather Track DAS NO:02-114226 11725 Donner Pass Road Truckee, Nevada County, California",NULL
"92",,,"HOLDREGE & KULL. (2015). Geologic Hazards Evaluation and Geotechnical Engineering Report for the Proposed New Science Building Chico Junior High School 280 Memorial Way Chico, Butte County, California",NULL
"93",,,"HOLDREGE & KULL. (2014). Geologic Hazards Evaluation and Geotechnical Engineering Report for the Proposed New Cafeteria/Multi-Purpose Building Marsh Junior High School 2253 Humboldt Road Chico, Butte County, California",NULL
"94",,,"HOLDREGE & KULL. (2013). geotechnical engineering investigation and engineering geology report for the New Facility at Glenn Medical Center 1133 W. Sycamore Street, Willows, California",NULL
"95",,,"HOLDREGE & KULL. (2013). Geologic Hazards Evaluation Report for the Proposed New School Campus 1511 South Jackson Street, Plus South 100 Feet of 705 Kimball Road Red Bluff, Tehama County, California",NULL
"96",,,"HOLDREGE & KULL. (2012). Geologic Hazards Evaluation Report for the Community Day School 900 Palm Street Red Bluff, Tehama County, California",NULL
"97",,,"HGEI. (2015). Geotechnical Investigation for Site Development and Design and Construction of Modular Classrooms Building Foundation and Infiltration Basin at Thomas Jefferson Elementary School, 1900 North 6th Street, Burbank, CA",NULL
"98",,,"HGE INC. (2015). Geotechnical Investigation for Design and Construction of Cantilever Shade Structure at Chaparral Continuation School, 121 West Allen Avenue, San Dimas, CA",NULL
"99",,,"Group Delta Consultants, Inc. (2015). GEOTECHNICAL INVESTIGATION Parking Structure No. 4 Miramar College Campus 10440 Black Mountain Road San Diego, California San Diego County APN NO. 318-120-03-00",NULL
"100",,,"Gibbs, J.F., T.E. Fumal, R.D. Borcherdt, R.E. Warrick, H.-P. Liu, and R.E. Westerlund (1994). Seismic velocities and geologic logs from boreholes at three downhole arrays in San Francisco, California, U.S. Geological Survey Open-File Report 94-706, 40 pp. Data reprocessed by Boore, D.M. (2003). A Compendium of P- And S-Wave Velocities from Surface-To-Borehole Logging: Summary and Reanalysis of Previously Published Data and Analysis of Unpublished Data, U.S. Geological Survey Open-File Report 03 -191, 14 p.",NULL
"101",,,"Gibbs, J.F., T.E. Fumal, D.M. Boore, and W.B. Joyner (1992). Seismic velocities and geologic logs from borehole measurements at seven strong-motion stations that recorded the Loma Prieta earthquake, U.S. Geological Survey Open-File Report 92-287, 139 pp. Data reprocessed by Boore, D.M. (2003). A Compendium of P- And S-Wave Velocities from Surface-To-Borehole Logging: Summary and Reanalysis of Previously Published Data and Analysis of Unpublished Data, U.S. Geological Survey Open-File Report 03 -191, 14 p.",NULL
"102",,,"Gibbs, J.F., T.E. Fumal, and T.J. Powers (1994). Seismic velocities and geologic logs from borehole measurements at seven strong-motion stations that recorded the 1989 Loma Prieta, California, earthquake, U.S. Geological Survey Open-File Report 94-222, 104 pp. Data reprocessed by Boore, D.M. (2003). A Compendium of P- And S-Wave Velocities from Surface-To-Borehole Logging: Summary and Reanalysis of Previously Published Data and Analysis of Unpublished Data, U.S. Geological Survey Open-File Report 03 -191, 14 p.",NULL
"103",,,"Gibbs, J.F., T.E. Fumal, and T.J. Powers (1993). Seismic velocities and geologic logs from borehole measurements at eight strong-motion stations that recorded the 1989 Loma Prieta, California, earthquake, U.S. Geological Survey Open-File Report 93-376, 119 pp. Data reprocessed by Boore, D.M. (2003). A Compendium of P- And S-Wave Velocities from Surface-To-Borehole Logging: Summary and Reanalysis of Previously Published Data and Analysis of Unpublished Data, U.S. Geological Survey Open-File Report 03 -191, 14 p.",NULL
"104",,,"Gibbs, J.F., T.E. Fumal, and R.D. Borcherdt (1977). In-situ measurements of seismic velocities in the San Francisco Bay region...Part III, U.S. Geological Survey Open-File Report 77-850, 143 pp. Data reprocessed by Boore, D.M. (2003). A Compendium of P- And S-Wave Velocities from Surface-To-Borehole Logging: Summary and Reanalysis of Previously Published Data and Analysis of Unpublished Data, U.S. Geological Survey Open-File Report 03 -191, 14 p.",NULL
"105",,,"Gibbs, J.F., T.E. Fumal, and R.D. Borcherdt (1976). In-situ measurements of seismic velocities in the San Francisco Bay region...Part II, U.S. Geological Survey Open-File Report 76-731, 145 pp. Data reprocessed by Boore, D.M. (2003). A Compendium of P- And S-Wave Velocities from Surface-To-Borehole Logging: Summary and Reanalysis of Previously Published Data and Analysis of Unpublished Data, U.S. Geological Survey Open-File Report 03 -191, 14 p.",NULL
"106",,,"Gibbs, J.F., T.E. Fumal, and R.D. Borcherdt (1975). In-situ measurements of seismic velocities at twelve locations in the San Francisco Bay region, U.S. Geological Survey Open-File Report 75-564, 87 pp. Data reprocessed by Boore, D.M. (2003). A Compendium of P- And S-Wave Velocities from Surface-To-Borehole Logging: Summary and Reanalysis of Previously Published Data and Analysis of Unpublished Data, U.S. Geological Survey Open-File Report 03 -191, 14 p.",NULL
"107",,,"Gibbs, J.F., T.E. Fumal, and E.F. Roth (1980). In-situ measurements of seismic velocity at 27 locations in the Los Angeles, California region, U.S. Geological Survey Open-File Report 80-378, 167 pp. Data reprocessed by Boore, D.M. (2003). A Compendium of P- And S-Wave Velocities from Surface-To-Borehole Logging: Summary and Reanalysis of Previously Published Data and Analysis of Unpublished Data, U.S. Geological Survey Open-File Report 03 -191, 14 p.",NULL
"108",,,"Gibbs, J.F., J.C. Tinsley, D.M. Boore, and W.B. Joyner (2000). Borehole velocity measurements and geological conditions at thirteen sites in the Los Angeles, California region, U.S. Geological Survey Open-File Report 00-470, 118 pp. Data reprocessed by Boore, D.M. (2003). A Compendium of P- And S-Wave Velocities from Surface-To-Borehole Logging: Summary and Reanalysis of Previously Published Data and Analysis of Unpublished Data, U.S. Geological Survey Open-File Report 03 -191, 14 p.",NULL
"109",,,"Gibbs, J.F., J.C. Tinsley, D.M. Boore, and W.B. Joyner (1999). Seismic velocities and geological conditions at twelve sites subjected to strong ground motion in the 1994 Northridge, California, earthquake: A revision of OFR 96-740, U.S. Geological Survey Open-File Report 99-446, 142 pp. Data reprocessed by Boore, D.M. (2003). A Compendium of P- And S-Wave Velocities from Surface-To-Borehole Logging: Summary and Reanalysis of Previously Published Data and Analysis of Unpublished Data, U.S. Geological Survey Open-File Report 03 -191, 14 p.",NULL
"110",,,"Gibbs, J.F., J.C. Tinsley, and D.M. Boore (2002). Borehole velocity measurements at five sites that recorded the Cape Mendocino, California earthquake of 25 April, 1992, U.S. Geological Survey Open-File Report OF 02-203, 48 pp. Data reprocessed by Boore, D.M. (2003). A Compendium of P- And S-Wave Velocities from Surface-To-Borehole Logging: Summary and Reanalysis of Previously Published Data and Analysis of Unpublished Data, U.S. Geological Survey Open-File Report 03 -191, 14 p.",NULL
"111",,,"Gibbs, J.F., E.F. Roth, T.E. Fumal, N.A. Jasek, and M.A. Emslie (1990). Seismic velocities from borehole measurements at four locations along a fifty-kilometer section of the San Andreas fault near Parkfield, California, U.S. Geological Survey Open-File Report 90-248, 35 pp. Data reprocessed by Boore, D.M. (2003). A Compendium of P- And S-Wave Velocities from Surface-To-Borehole Logging: Summary and Reanalysis of Previously Published Data and Analysis of Unpublished Data, U.S. Geological Survey Open-File Report 03 -191, 14 p.",NULL
"112",,,"Gibbs, J.F., D.M. Boore, J.C. Tinsley, and C.S. Mueller (2001). Borehole P- and S-wave velocity at thirteen stations in southern California, U.S. Geological Survey Open-File Report OF 01-506, 117 pp. Data reprocessed by Boore, D.M. (2003). A Compendium of P- And S-Wave Velocities from Surface-To-Borehole Logging: Summary and Reanalysis of Previously Published Data and Analysis of Unpublished Data, U.S. Geological Survey Open-File Report 03 -191, 14 p.",NULL
"113",,,"Gibbs, J.F. and T.E. Fumal (1994). Seismic velocities and geologic logs from borehole measurements at seven strong-motion stations that recorded the 1989 Loma Prieta, California, earthquake, Part IV, U.S. Geological Survey Open-File Report 94-552, 89 pp. Data reprocessed by Boore, D.M. (2003). A Compendium of P- And S-Wave Velocities from Surface-To-Borehole Logging: Summary and Reanalysis of Previously Published Data and Analysis of Unpublished Data, U.S. Geological Survey Open-File Report 03 -191, 14 p.",NULL
"114",,,"Gibbs, J.F. (1989). Near-surface P- and S-wave velocities from borehole measurements near Lake Hemet, California, U.S. Geological Survey Open-File Report 89-630. Data reprocessed by Boore, D.M. (2003). A Compendium of P- And S-Wave Velocities from Surface-To-Borehole Logging: Summary and Reanalysis of Previously Published Data and Analysis of Unpublished Data, U.S. Geological Survey Open-File Report 03 -191, 14 p.",NULL
"115",,,"GEOVision (2018). Surface Wave Measurements, Santa Clara, Santa Cruz, San Benito, and Monterey Counties. Report 18045_01. Prepared for State of California Department of Conservation, California Geological Survey, Strong Motion Instrumentation Program.",NULL
"116",,,"GEOVision (2016). Surface Wave Measurements Report, Riverside County, California. Report 16192-01 Rev 2. Prepared for State of California Department of Conservation, California Geological Survey, Strong Motion Instrumentation Program.",NULL
"117",,,"GEOLABS-WESTLAKE VILLAGE. (2010). Geologic Hazurds and Soils Investigation Report, Castaic Area High School Site, Romero Canyon Area, County of Los Angeles, California",NULL
"118",,,"GEOBASE, INC. (2016). KAISER PERMANENTE-DOWNEY EXPANSION STRATEGY HOSPITAL EXPANSION GEOBASE, INC. 9333 IMPERIAL HIGHWAY ",NULL
"119",,,"Geo-Advantec Inc. (2013). response to California Geological Survey Review Dated February 14, 2013 for Santa Ana College Planetarium Walk and restrooms at: 1530 West 17th Street, Santa Ana, California CGS App. No. 04-CGS1193",NULL
"120",,,"Fumal, T.E., R.E. Warrick, E.C. Etheridge, and R.J. Archuleta (1985). Downhole geology, seismic velocity structure and instrumentation at the McGee Creek, California, recording site, Earthquake Notes 55, 5. Data reprocessed by Boore, D.M. (2003). A Compendium of P- And S-Wave Velocities from Surface-To-Borehole Logging: Summary and Reanalysis of Previously Published Data and Analysis of Unpublished Data, U.S. Geological Survey Open-File Report 03 -191, 14 p.",NULL
"121",,,"Fumal, T.E., J.F. Gibbs, and E.F. Roth (1987). Near-surface geology and seismic-wave velocities at six strong-motion stations near Gilroy, California, in The Morgan Hill, California, Earthquake of April 24, 1984, Seena N. Hoose (Editor), U.S. Geological Survey Bulletin 1639, 81-88. Data reprocessed by Boore, D.M. (2003). A Compendium of P- And S-Wave Velocities from Surface-To-Borehole Logging: Summary and Reanalysis of Previously Published Data and Analysis of Unpublished Data, U.S. Geological Survey Open-File Report 03 -191, 14 p.",NULL
"122",,,"Fumal, T.E., J.F. Gibbs, and E.F. Roth (1984). In-situ measurements of seismic velocity at 16 locations in the Los Angeles, California region, U.S. Geological Survey Open-File Report 84-681, 109 pp. Data reprocessed by Boore, D.M. (2003). A Compendium of P- And S-Wave Velocities from Surface-To-Borehole Logging: Summary and Reanalysis of Previously Published Data and Analysis of Unpublished Data, U.S. Geological Survey Open-File Report 03 -191, 14 p.",NULL
"123",,,"Fumal, T.E., J.F. Gibbs, and E.F. Roth (1982b). In-situ measurements of seismic velocity at 22 locations in the Los Angeles, California region, U.S. Geological Survey Open-File Report 82-833, 138 pp. Data reprocessed by Boore, D.M. (2003). A Compendium of P- And S-Wave Velocities from Surface-To-Borehole Logging: Summary and Reanalysis of Previously Published Data and Analysis of Unpublished Data, U.S. Geological Survey Open-File Report 03 -191, 14 p.",NULL
"124",,,"Fumal, T.E., J.F. Gibbs, and E.F. Roth (1982a). In-situ measurements of seismic velocity at 10 strong motion accelerograph stations in central California, U.S. Geological Survey Open-File Report 82-407, 76 pp. Data reprocessed by Boore, D.M. (2003). A Compendium of P- And S-Wave Velocities from Surface-To-Borehole Logging: Summary and Reanalysis of Previously Published Data and Analysis of Unpublished Data, U.S. Geological Survey Open-File Report 03 -191, 14 p.",NULL
"125",,,"Fumal, T.E., J.F. Gibbs, and E.F. Roth (1981). In-situ measurements of seismic velocity at 19 locations in the Los Angeles, California region, U.S. Geological Survey Open-File Report 81-399, 121 pp. Data reprocessed by Boore, D.M. (2003). A Compendium of P- And S-Wave Velocities from Surface-To-Borehole Logging: Summary and Reanalysis of Previously Published Data and Analysis of Unpublished Data, U.S. Geological Survey Open-File Report 03 -191, 14 p.",NULL
"126",,,"FUGRO WEST, INC. (2005). Geotechnical Study and Geologic Hazards Evaluation, Utility Corridor at Washington Hospital, Fremont, California",NULL
"127",,,"FUGRO CONSULTANTS, INC. (2014). Supplemental Geotechnical Update Report, Electronic Marquee Sign, Burrell Field and Sports Complex, San Leandro, California",NULL
"128",,,"FUGRO CONSULTANTS, INC. (2011). Geotechnical Site Characterization Study, Replacement Hospital Wing, Ventura County Medical Center, Ventura, California, Volume 1",NULL
"129",,,"Fletcher, J.B., T.E. Fumal, H.-P. Liu, and L.C. Carroll (1990). Near-Surface Velocities and Attenuation at Two Boreholes Near Anza, California, From Logging Data, Bull. Seismol. Soc. Am., 80(4), 807-831. Data reprocessed by Boore, D.M. (2003). A Compendium of P- And S-Wave Velocities from Surface-To-Borehole Logging: Summary and Reanalysis of Previously Published Data and Analysis of Unpublished Data, U.S. Geological Survey Open-File Report 03 -191, 14 p.",NULL
"130",,,"ENGEO",NULL
"131",,,"Earth Systems Southwest. (2015). Proposed High School Site No.4 Perris Union High School District Northwest Corner of Wickerd Road and Leon Road Menifee Area, Riverside County, California",NULL
"132",,,"Earth Systems Southwest. (2011). Engineering Geology and Seismology Review for Indio High School-Total Site Reconstruction 81-750 Avenue 46, Indio, CA 92201 CGS Application No. 04-CGS0543",NULL
"133",,,"Data from GEOVision, Inc., presented in: Park, S.K., Elrick, S., and Funk, R. (1999): Initial Source and Site Characterization Studies for the U.C. Riverside Campus, Institute of Geophysics and Planetary Physics, University of California, Riverside, Report No. UCRL-ID-134610, July 1999. Part of the University of California Campus Earthquake Program (UC-CEP), described in Heuze et al. (2004), Estimating site-specific strong earthquake motions, Soil Dynamics & Earthquake Engineering 24, 199-223.",NULL
"134",,,"Data from GEOVision, Inc., presented in: Archuleta et al. (2000): Strong Earthquake Motion Estimates for the UCSB Campus, and Related Reponse of the Engineering I Building, Institute for Crustal Studies, University of California, Santa Barbara, Report No. UCRL-ID-138641, August 2000. Part of the University of California Campus Earthquake Program (UC-CEP), described in Heuze et al. (2004), Estimating site-specific strong earthquake motions, Soil Dynamics & Earthquake Engineering 24, 199-223.",NULL
"135",,,"Data from GEOVision Gopephysical Services, UCLA Botanical Garden Boring B-1 Suspension P & S Velocities, Report 4438-01, July 30, 2004. Part of the University of California Campus Earthquake Program (UC-CEP), described in Heuze et al. (2004), Estimating site-specific strong earthquake motions, Soil Dynamics & Earthquake Engineering 24, 199-223.",NULL
"136",,,"DAMES & MOORE. (1999). Response to CDMG Review on Seismic Ground-Motion Hazard Analysis Down-Hole Seismic Survey - Determination of Site Shear Wave Velocity Scripps Memorial Hospital Chula Vista, California OSHPD File No.1953-0001 For Scripps Health Dames & Moore Job No. 31141-007-004 March 22, 1999",NULL
"137",,,"DAMES & MOORE. (1998). Engineering Geologic and Geotechnical Report Review for SB1953 Compliance Mercy Hospital 4077 Fifth Avenue San Diego, California prepared for Scripps Health Dames & Moore Job No. 31141-005-004",NULL
"138",,,"Daley, T.M. and T.V. McEvilly (1990). Shear-Wave Anisotropy in the Parkfield Varian Well VSP, Bull. Seismol. Soc. Am., 80(4), 857-869. Data reprocessed by Boore, D.M. (2003). A Compendium of P- And S-Wave Velocities from Surface-To-Borehole Logging: Summary and Reanalysis of Previously Published Data and Analysis of Unpublished Data, U.S. Geological Survey Open-File Report 03 -191, 14 p.",NULL
"139",,,"CORNERSTONE EARTH GROUP. (2013). Geotechnical Investigation and Geologic Hazards Evaluation Rocketship Public SchoolStory Road 2962 Story Road San Jose, California",NULL
"140",,,"CORNERSTONE EARTH GROUP. (2012). Geotechnical Investigation and Geologic Hazards Evaluation Rocketship Public School Tamien Goodyear Street and Lick Avenue San Jose, California",NULL
"141",,,"CORNERSTONE EARTH GROUP. (2012). Geotechnical Investigation and Geologic Hazards Evaluation Rocketship Public School Sylvandale 653 Sylvandale Avenue San Jose, California",NULL
"142",,,"Cited as: J. Gibbs, unpublished notes, 2002, within: Boore, D.M. (2003). A Compendium of P- And S-Wave Velocities from Surface-To-Borehole Logging: Summary and Reanalysis of Previously Published Data and Analysis of Unpublished Data, U.S. Geological Survey Open-File Report 03 -191, 14 p.",NULL
"143",,,"Cited as: Gibbs et al., BSSA (submitted), within: Boore, D.M. (2003). A Compendium of P- And S-Wave Velocities from Surface-To-Borehole Logging: Summary and Reanalysis of Previously Published Data and Analysis of Unpublished Data, U.S. Geological Survey Open-File Report 03 -191, 14 p.",NULL
"144",,,"Chang, S. W.-Y. (1996). Seismic Response of Deep Stiff Soil Deposits. PhD Dissertation, University of California at Berkeley, Fall 1996.",NULL
"145",,,"Caltrans Database",NULL
"146",,,"CA DSOD",NULL
"147",,,"C.H.J. Incorporated. (2010). Response to Second Engineering Geology and Seismic Review for Riverside City College - Wheelock Gymnasium 4800 Magnolia Avenue,Riverside, California CGS Application No. 04-CGS01 12",NULL
"148",,,"C.H.J. Incorporated. (2010). Geotechnical Investigation proposed parking structure San bernardino valley college campus San Bernardino, California prepared for San bernardino Community college district Job No. 10076-3",NULL
"149",,,"C.H.J. Incorporated. (2009). Engineering Geologic and Geotechnical Evaluation Encino Hospital Medical Center 16237 Ventura Boulevard Encino, California Prepared for Prime Healthcare Services Job No. 09230-8",NULL
"150",,,"C.H.J. Incorporated. (2008). GEOTECHNICAL INVESTIGATION PROPOSED HOSPITAL EXPANSION AND PARKING GARAGE RIVERSIDE COMMUNITY HOSPITAL 4445 MAGNOLIA AVENUE RIVERSIDE, CALIFORNIA PREPARED FOR HA MANAGEMENT SERVICES, L.P. JOB NO. 07881-3",NULL
"151",,,"C.H.J. Incorporated. (2007). REVISED GEOTECHNICAL INVESTIGATION PROPOSED THERMAL ENERGY STORAGE TANK, CENTRAL PLANT, AND HEAT EXCHANGER LOMA LINDA, CALIFORNIA PREPARED FOR . LOMA LINDA UNIVERSITY JOB NO. 06227-3",NULL
"152",,,"Buena Engineers,inc. (1989). Geotechnical Engineering Report Desert Hospital Radiology Building Palm Springs, California",NULL
"153",,,"Bridge No. 34-0077 Caltrans.",NULL
"154",,,"Bridge No. 58-0335 Caltrans.",NULL
"155",,,"Bridge No. 57-1100 Caltrans.",NULL
"156",,,"Bridge No. 57-0884 Caltrans.",NULL
"157",,,"Bridge No. 57-0857 Caltrans.",NULL
"158",,,"Bridge No. 54-1110R Caltrans.",NULL
"159",,,"Bridge No. 53-2794 Caltrans.",NULL
"160",,,"Bridge No. 53-2790R Caltrans.",NULL
"161",,,"Bridge No. 53-2274 Caltrans.",NULL
"162",,,"Bridge No. 53-2272 Caltrans.",NULL
"163",,,"Bridge No. 53-1471 Caltrans.",NULL
"164",,,"Bridge No. 52-0449 Caltrans.",NULL
"165",,,"Bridge No. 52-0443 Caltrans.",NULL
"166",,,"Bridge No. 51-0139 Caltrans.",NULL
"167",,,"Bridge No. 50-0048 Caltrans.",NULL
"168",,,"Bridge No. 49-0014 Caltrans.",NULL
"169",,,"Bridge No. 37-0583 Caltrans.",NULL
"170",,,"Bridge No. 33-302E Caltrans.",NULL
"171",,,"Bridge No. 33-0040 Caltrans.",NULL
"172",,,"Bridge No. 28-0100 Caltrans.",NULL
"173",,,"Bridge No. 23-0223F Caltrans.",NULL
"174",,,"Bridge No. 23-0218 Caltrans.",NULL
"175",,,"Bridge No. 23-0217 Caltrans.",NULL
"176",,,"Bridge No. 18-0001 Caltrans.",NULL
"177",,,"Bridge No. 17-0098 Caltrans.",NULL
"178",,,"Bridge No. 12C-0416 Caltrans.",NULL
"179",,,"Bridge No. 12-0139 Caltrans.",NULL
"180",,,"Bridge No. 12-0073L Caltrans.",NULL
"181",,,"Bridge No. 12-0070L Caltrans.",NULL
"182",,,"Bridge No. 10-0298 Caltrans.",NULL
"183",,,"Bridge No. 04-0025RL Caltrans.",NULL
"184",,,"Bridge No. 02-0059 Caltrans",NULL
"185",,,"Bridge No 53-0763 Caltrans.",NULL
"186",,,"Boring log from USGS OFR 93-502 (Powers, T.J. and T.E. Fumal (1993). Geologic Logs From 25 Boreholes Near Strong Motion Accelerographs that Recorded the 1989 Loma Prieta, California, Earthquake, U.S. Geological Survey Open-File Report 93-502, 177 pp.). Data reprocessed by Boore, D.M. (2003). A Compendium of P- And S-Wave Velocities from Surface-To-Borehole Logging: Summary and Reanalysis of Previously Published Data and Analysis of Unpublished Data, U.S. Geological Survey Open-File Report 03 -191, 14 p. Coordinates from Boore (2003).",NULL
"187",,,"Boore, D.M. (2003). A Compendium of P- And S-Wave Velocities from Surface-To-Borehole Logging: Summary and Reanalysis of Previously Published Data and Analysis of Unpublished Data, U.S. Geological Survey Open-File Report 03 -191, 14 p.",NULL
"188",,,"BAGG Engineers. (2016). SITE-SPECIFIC GROUND MOTION HAZARD ANALYSIS NEW 2 STORY MODULAR CLASSROOM BUILDING SANDPIPER ELEMENTARY SCHOOL 801 REDWOOD SHORES PARKWAY REDWOOD CITY, CALIFORNIA",NULL
"189",,,"AMEC. (2012). Letter of Transmittal Revised Report of Geotechnical Investigation Proposed Out-Patient Buildings and Hospital Building (JPI Extension) Development Site 1-North Campus Rancho Los Amigos National Rehabilitation Center 7601 Imperial Highway Downey, California AMEC Project 4953-08-2171",NULL
"190",,,"AMEC. (2008). Ground Motion Hazard and Geotechnical Evaluation Radiology Addition A and B, South Tower, and Patient Tower Glendale Memorial Hospital and Health Center Glendale, California",NULL
"191",,,"AMEC Geomatrix. (2008). Ground motion hazard and geotechnical evaluation boiler building and main wing mercy hospital of bakersfield makersfield, california",NULL
"192",,,"AMEC Geomatrix, Inc. (2010). Ground Motion Hazard and Geotechnical Evaluation F - Tower Main Tower and Elevator Tower Northridge Hospital Medical Center Northridge, California Facility No.11906, Project No. 1L082960-19A and 1L082952-19A",NULL
"193",,,"AMEC Foster Wheeler. (2015). LETTER OF TRANSMITTAL Report of Geotechnical Investigation Proposed Library Building Retrofit Rio Hondo Community College 3600 Workman Mill Road Whittier, California, 90601 Amec Foster Wheeler Project 4953-15-0301",NULL
"194",,,"Agbabian Associates, Geophysical Investigation for the DCEPP HLW-DRY Cask Storage Facility at the Diablo Canyon Power Plant, Pacific Gas and Electric Company, Report R9730-6676, September 25, 1998",NULL
"195",,,"Bridge No. 52-0016 Caltrans.",NULL
"196",,,"Buckreis et al. (2021). Microtremor Data Collected in Sacramento-San Joaquin Delta Region of California. ",NULL
"197","https://service.iris.edu/",,"Incorporated Research Institutions for Seismology",NULL
"198",,,"Bridge No. 53-2980 Caltrans.",NULL
"199",,,"Bridge No. 57-0314 Caltrans.",NULL
"200",,,"Bridge No. 28-0352 Caltrans.",NULL
"201",,,"Bridge No. 54-1215 Caltrans.",NULL
"202",,,"Bridge No. 06-0052 Caltrans.",NULL
"203",,,"Bridge No. 12-0198 Caltrans.",NULL
"204",,,"Bridge No. 12-0197G Caltrans.",NULL
"205",,,"Bridge No. 56-0802 Caltrans.",NULL
"206",,,"Bridge No. 23-0212 Caltrans.",NULL
"207",,,"Bridge No. 57-1070 Caltrans.",NULL
"208",,,"Bridge No. 28-0153R Caltrans.",NULL
"209",,,"Bridge No. 57-1069 Caltrans.",NULL
"210",,,"Bridge No. 12-0199 Caltrans.",NULL
"211",,,"Bridge No. 33-0025 Caltrans.",NULL
"212",,,"Bridge No. 34-0118R/L Caltrans.",NULL
"213",,,"Bridge No. 34-0003 Caltrans.",NULL
"214",,,"Bridge No. 34-0004 Caltrans.",NULL
"215",,,"Bridge No. 57-0513L Caltrans.",NULL
"216",,,"Bridge No. 53-1984 Caltrans.",NULL
"217",,,"Bridge No. 10-0274 Caltrans.",NULL
"218",,,"Bridge No. 12-0201 Caltrans.",NULL
"219",,,"Bridge No. 10-0165 Caltrans.",NULL
"220",,,"Bridge No. 10-0171K Caltrans.",NULL
"221",,,"Leroy Crandall Associates (1974). Report file 74024",NULL
"222",,,"Leroy Crandall Associates (1975). Report file 75220",NULL
"223",,,"Leroy Crandall Associates (1976). Report file 76124",NULL
"224",,,"Leroy Crandall Associates (1976). Report file 76163",NULL
"225",,,"Leroy Crandall Associates (1976). Report file 76173",NULL
"226",,,"Leroy Crandall Associates (1976). Report file 76238",NULL
"227",,,"Leroy Crandall Associates (1976). Report file 76239",NULL
"228",,,"Leroy Crandall Associates (1977). Report file 77249",NULL
"229",,,"Leroy Crandall Associates (1976). Report file 76251",NULL
"230",,,"Leroy Crandall Associates (1976). Report file 76252",NULL
"231",,,"Leroy Crandall Associates (1977). Report file 77042",NULL
"232",,,"Leroy Crandall Associates (1977). Report file 77056",NULL
"233",,,"Leroy Crandall Associates (1977). Report file 77091",NULL
"234",,,"Leroy Crandall Associates (1977). Report file 77105",NULL
"235",,,"Leroy Crandall Associates (1977). Report file 77171",NULL
"236",,,"Leroy Crandall Associates (1977). Report file 77200",NULL
"237",,,"Leroy Crandall Associates (1977). Report file 77210",NULL
"238",,,"Leroy Crandall Associates (1977). Report file 77245",NULL
"239",,,"Leroy Crandall Associates (1977). Report file 77277",NULL
"240",,,"Leroy Crandall Associates (1977). Report file 77289",NULL
"241",,,"Leroy Crandall Associates (1977). Report file 77321",NULL
"242",,,"Leroy Crandall Associates (1978). Report file 78023",NULL
"243",,,"Leroy Crandall Associates (1978). Report file 78034",NULL
"244",,,"Leroy Crandall Associates (1978). Report file 78035",NULL
"245",,,"Leroy Crandall Associates (1978). Report file 78051",NULL
"246",,,"Leroy Crandall Associates (1978). Report file 78088",NULL
"247",,,"Leroy Crandall Associates (1978). Report file 78107",NULL
"248",,,"Leroy Crandall Associates (1978). Report file 78111",NULL
"249",,,"Leroy Crandall Associates (1978). Report file 78175",NULL
"250",,,"Leroy Crandall Associates (1978). Report file 78188",NULL
"251",,,"Leroy Crandall Associates (1978). Report file 78194",NULL
"252",,,"Leroy Crandall Associates (1978). Report file 78321",NULL
"253",,,"Leroy Crandall Associates (1978). Report file 78344",NULL
"254",,,"Leroy Crandall Associates (1978). Report file 78383",NULL
"255",,,"Leroy Crandall Associates (1978). Report file 78384",NULL
"256",,,"Leroy Crandall Associates (1979). Report file 79203",NULL
"257",,,"Leroy Crandall Associates (1979). Report file 79207",NULL
"258",,,"Leroy Crandall Associates (1979). Report file 79252",NULL
"259",,,"Leroy Crandall Associates (1979). Report file 79294",NULL
"260",,,"Leroy Crandall Associates (1980). Report file 80198",NULL
"261",,,"Leroy Crandall Associates (1980). Report file 80392",NULL
"262",,,"Leroy Crandall Associates (1981). Report file 81025",NULL
"263",,,"Leroy Crandall Associates (1981). Report file 81052",NULL
"264",,,"Leroy Crandall Associates (1981). Report file 81059",NULL
"265",,,"Leroy Crandall Associates (1981). Report file 81092",NULL
"266",,,"Leroy Crandall Associates (1981). Report file 81173",NULL
"267",,,"Leroy Crandall Associates (1981). Report file 81373",NULL
"268",,,"Leroy Crandall Associates (1981). Report file 81411",NULL
"269",,,"Leroy Crandall Associates (1982). Report file 82007",NULL
"270",,,"Leroy Crandall Associates (1982). Report file 82031",NULL
"271",,,"Leroy Crandall Associates (1982). Report file 82264",NULL
"272",,,"Leroy Crandall Associates (1982). Report file 82279",NULL
"273",,,"Leroy Crandall Associates (1972). Report file 72281",NULL
"274",,,"Leroy Crandall Associates (1973). Report file 73004",NULL
"275",,,"Leroy Crandall Associates (1975). Report file 75125",NULL
"276",,,"Leroy Crandall Associates (1976). Report file 76180",NULL
"277",,,"Leroy Crandall Associates (1976). Report file 76195",NULL
"278",,,"Leroy Crandall Associates (1977). Report file 77040",NULL
"279",,,"Leroy Crandall Associates (1977). Report file 77043",NULL
"280",,,"Leroy Crandall Associates (1977). Report file 77057.1",NULL
"281",,,"Leroy Crandall Associates (1977). Report file 77057.2",NULL
"282",,,"Leroy Crandall Associates (1977). Report file 77057.3",NULL
"283",,,"Leroy Crandall Associates (1977). Report file 77062",NULL
"284",,,"Leroy Crandall Associates (1977). Report file 77137",NULL
"285",,,"Leroy Crandall Associates (1977). Report file 77138",NULL
"286",,,"Leroy Crandall Associates (1977). Report file 77218",NULL
"287",,,"Leroy Crandall Associates (1977). Report file 77248",NULL
"288",,,"Leroy Crandall Associates (1977). Report file 77251",NULL
"289",,,"Leroy Crandall Associates (1977). Report file 77283",NULL
"290",,,"Leroy Crandall Associates (1978). Report file 78044",NULL
"291",,,"Leroy Crandall Associates (1978). Report file 78046",NULL
"292",,,"Leroy Crandall Associates (1978). Report file 78049",NULL
"293",,,"Leroy Crandall Associates (1978). Report file 78053",NULL
"294",,,"Leroy Crandall Associates (1978). Report file 78058",NULL
"295",,,"Leroy Crandall Associates (1978). Report file 78058",NULL
"296",,,"Leroy Crandall Associates (1978). Report file 78180",NULL
"297",,,"Leroy Crandall Associates (1978). Report file 78253",NULL
"298",,,"Leroy Crandall Associates (1978). Report file 78254",NULL
"299",,,"Leroy Crandall Associates (1978). Report file 78256",NULL
"300",,,"Leroy Crandall Associates (1978). Report file 78276",NULL
"301",,,"Leroy Crandall Associates (1978). Report file 78292.1",NULL
"302",,,"Leroy Crandall Associates (1978). Report file 78292.2",NULL
"303",,,"Leroy Crandall Associates (1978). Report file 78297",NULL
"304",,,"Leroy Crandall Associates (1978). Report file 78361",NULL
"305",,,"Leroy Crandall Associates (1978). Report file 78373",NULL
"306",,,"Leroy Crandall Associates (1978). Report file 78397",NULL
"307",,,"Leroy Crandall Associates (1979). Report file 79009",NULL
"308",,,"Leroy Crandall Associates (1979). Report file 79027",NULL
"309",,,"Leroy Crandall Associates (1979). Report file 79036",NULL
"310",,,"Leroy Crandall Associates (1979). Report file 79076",NULL
"311",,,"Leroy Crandall Associates (1979). Report file 79082",NULL
"312",,,"Leroy Crandall Associates (1979). Report file 79086",NULL
"313",,,"Leroy Crandall Associates (1979). Report file 79119",NULL
"314",,,"Leroy Crandall Associates (1979). Report file 79120",NULL
"315",,,"Leroy Crandall Associates (1979). Report file 79123",NULL
"316",,,"Leroy Crandall Associates (1979). Report file 79124",NULL
"317",,,"Leroy Crandall Associates (1979). Report file 79128",NULL
"318",,,"Leroy Crandall Associates (1979). Report file 79156",NULL
"319",,,"Leroy Crandall Associates (1979). Report file 79163",NULL
"320",,,"Leroy Crandall Associates (1979). Report file 79167",NULL
"321",,,"Leroy Crandall Associates (1979). Report file 79180",NULL
"322",,,"Leroy Crandall Associates (1979). Report file 79185",NULL
"323",,,"Leroy Crandall Associates (1979). Report file 79189",NULL
"324",,,"Leroy Crandall Associates (1979). Report file 79234",NULL
"325",,,"Leroy Crandall Associates (1979). Report file 79237",NULL
"326",,,"Leroy Crandall Associates (1979). Report file 79260",NULL
"327",,,"Leroy Crandall Associates (1979). Report file 79268",NULL
"328",,,"Leroy Crandall Associates (1979). Report file 79295",NULL
"329",,,"Leroy Crandall Associates (1979). Report file 79300",NULL
"330",,,"Leroy Crandall Associates (1979). Report file 79304",NULL
"331",,,"Leroy Crandall Associates (1979). Report file 79321",NULL
"332",,,"Leroy Crandall Associates (1979). Report file 79334",NULL
"333",,,"Leroy Crandall Associates (1979). Report file 79335",NULL
"334",,,"Leroy Crandall Associates (1979). Report file 79337",NULL
"335",,,"Leroy Crandall Associates (1979). Report file 79351",NULL
"336",,,"Leroy Crandall Associates (1980). Report file 80011",NULL
"337",,,"Leroy Crandall Associates (1980). Report file 80038",NULL
"338",,,"Leroy Crandall Associates (1980). Report file 80049",NULL
"339",,,"Leroy Crandall Associates (1980). Report file 80057",NULL
"340",,,"Leroy Crandall Associates (1980). Report file 80062",NULL
"341",,,"Leroy Crandall Associates (1980). Report file 80072",NULL
"342",,,"Leroy Crandall Associates (1980). Report file 80082",NULL
"343",,,"Leroy Crandall Associates (1980). Report file 80099",NULL
"344",,,"Leroy Crandall Associates (1980). Report file 80134",NULL
"345",,,"Leroy Crandall Associates (1980). Report file 80154",NULL
"346",,,"Leroy Crandall Associates (1980). Report file 80160",NULL
"347",,,"Leroy Crandall Associates (1980). Report file 80172",NULL
"348",,,"Leroy Crandall Associates (1980). Report file 80180",NULL
"349",,,"Leroy Crandall Associates (1980). Report file 80243",NULL
"350",,,"Leroy Crandall Associates (1980). Report file 80268.03",NULL
"351",,,"Leroy Crandall Associates (1980). Report file 80268.08",NULL
"352",,,"Leroy Crandall Associates (1980). Report file 80268.2",NULL
"353",,,"Leroy Crandall Associates (1980). Report file 80292",NULL
"354",,,"Leroy Crandall Associates (1980). Report file 80309",NULL
"355",,,"Leroy Crandall Associates (1980). Report file 80332",NULL
"356",,,"Leroy Crandall Associates (1980). Report file 80376",NULL
"357",,,"Leroy Crandall Associates (1980). Report file 80380",NULL
"358",,,"Leroy Crandall Associates (1980). Report file 80391",NULL
"359",,,"Leroy Crandall Associates (1980). Report file 80402",NULL
"360",,,"Leroy Crandall Associates (1980). Report file 80403",NULL
"361",,,"Leroy Crandall Associates (1980). Report file 80405",NULL
"362",,,"Leroy Crandall Associates (1980). Report file 80408",NULL
"363",,,"Leroy Crandall Associates (1981). Report file 81011",NULL
"364",,,"Leroy Crandall Associates (1981). Report file 81014",NULL
"365",,,"Leroy Crandall Associates (1981). Report file 81040",NULL
"366",,,"Leroy Crandall Associates (1981). Report file 81064",NULL
"367",,,"Leroy Crandall Associates (1981). Report file 81073",NULL
"368",,,"Leroy Crandall Associates (1981). Report file 81093",NULL
"369",,,"Leroy Crandall Associates (1981). Report file 81103",NULL
"370",,,"Leroy Crandall Associates (1981). Report file 81147",NULL
"371",,,"Leroy Crandall Associates (1981). Report file 81162",NULL
"372",,,"Leroy Crandall Associates (1981). Report file 81164.1",NULL
"373",,,"Leroy Crandall Associates (1981). Report file 81164.2",NULL
"374",,,"Leroy Crandall Associates (1981). Report file 81190",NULL
"375",,,"Leroy Crandall Associates (1981). Report file 81222",NULL
"376",,,"Leroy Crandall Associates (1981). Report file 81230",NULL
"377",,,"Leroy Crandall Associates (1981). Report file 81259",NULL
"378",,,"Leroy Crandall Associates (1981). Report file 81260",NULL
"379",,,"Leroy Crandall Associates (1981). Report file 81262",NULL
"380",,,"Leroy Crandall Associates (1981). Report file 81265",NULL
"381",,,"Leroy Crandall Associates (1981). Report file 81269",NULL
"382",,,"Leroy Crandall Associates (1981). Report file 81271",NULL
"383",,,"Leroy Crandall Associates (1981). Report file 81273",NULL
"384",,,"Leroy Crandall Associates (1981). Report file 81274",NULL
"385",,,"Leroy Crandall Associates (1981). Report file 81300",NULL
"386",,,"Leroy Crandall Associates (1981). Report file 81312",NULL
"387",,,"Leroy Crandall Associates (1981). Report file 81315",NULL
"388",,,"Leroy Crandall Associates (1981). Report file 81318",NULL
"389",,,"Leroy Crandall Associates (1981). Report file 81322",NULL
"390",,,"Leroy Crandall Associates (1981). Report file 81341",NULL
"391",,,"Leroy Crandall Associates (1981). Report file 81344",NULL
"392",,,"Leroy Crandall Associates (1981). Report file 81345",NULL
"393",,,"Leroy Crandall Associates (1981). Report file 81380",NULL
"394",,,"Leroy Crandall Associates (1981). Report file 81384",NULL
"395",,,"Leroy Crandall Associates (1981). Report file 81394",NULL
"396",,,"Leroy Crandall Associates (1981). Report file 81410",NULL
"397",,,"Leroy Crandall Associates (1982). Report file 82012",NULL
"398",,,"Leroy Crandall Associates (1982). Report file 82020",NULL
"399",,,"Leroy Crandall Associates (1982). Report file 82027",NULL
"400",,,"Leroy Crandall Associates (1982). Report file 82029",NULL
"401",,,"Leroy Crandall Associates (1982). Report file 82037",NULL
"402",,,"Leroy Crandall Associates (1982). Report file 82038",NULL
"403",,,"Leroy Crandall Associates (1982). Report file 82046",NULL
"404",,,"Leroy Crandall Associates (1982). Report file 82063",NULL
"405",,,"Leroy Crandall Associates (1982). Report file 82078",NULL
"406",,,"Leroy Crandall Associates (1982). Report file 82081",NULL
"407",,,"Leroy Crandall Associates (1982). Report file 82082",NULL
"408",,,"Leroy Crandall Associates (1982). Report file 82125",NULL
"409",,,"Leroy Crandall Associates (1982). Report file 82148",NULL
"410",,,"Leroy Crandall Associates (1982). Report file 82149",NULL
"411",,,"Leroy Crandall Associates (1982). Report file 82154",NULL
"412",,,"Leroy Crandall Associates (1982). Report file 82163",NULL
"413",,,"Leroy Crandall Associates (1982). Report file 82187",NULL
"414",,,"Leroy Crandall Associates (1982). Report file 82193",NULL
"415",,,"Leroy Crandall Associates (1982). Report file 82224",NULL
"416",,,"Leroy Crandall Associates (1982). Report file 82247",NULL
"417",,,"Leroy Crandall Associates (1982). Report file 82266",NULL
"418",,,"Leroy Crandall Associates (1982). Report file 82284",NULL
"419",,,"Leroy Crandall Associates (1982). Report file 82297",NULL
"420",,,"Leroy Crandall Associates (1982). Report file 82312",NULL
"421",,,"Leroy Crandall Associates (1983). Report file 83001",NULL
"422",,,"Leroy Crandall Associates (1983). Report file 83011",NULL
"423",,,"Leroy Crandall Associates (1983). Report file 83014",NULL
"424",,,"Leroy Crandall Associates (1983). Report file 83040",NULL
"425",,,"Leroy Crandall Associates (1983). Report file 83049",NULL
"426",,,"Leroy Crandall Associates (1983). Report file 83053",NULL
"427",,,"Leroy Crandall Associates (1983). Report file 83063",NULL
"428",,,"Leroy Crandall Associates (1983). Report file 83078",NULL
"429",,,"Leroy Crandall Associates (1983). Report file 83123",NULL
"430",,,"Leroy Crandall Associates (1983). Report file 83156",NULL
"431",,,"Leroy Crandall Associates (1983). Report file 83199",NULL
"432",,,"Leroy Crandall Associates (1983). Report file 83207",NULL
"433",,,"Leroy Crandall Associates (1983). Report file 83231",NULL
"434",,,"Leroy Crandall Associates (1983). Report file 83237",NULL
"435",,,"Leroy Crandall Associates (1983). Report file 83249",NULL
"436",,,"Leroy Crandall Associates (1983). Report file 83253",NULL
"437",,,"Leroy Crandall Associates (1983). Report file 83262",NULL
"438",,,"Leroy Crandall Associates (1983). Report file 83282",NULL
"439",,,"Leroy Crandall Associates (1983). Report file 83287",NULL
"440",,,"Leroy Crandall Associates (1983). Report file 83295",NULL
"441",,,"Leroy Crandall Associates (1983). Report file 83297",NULL
"442",,,"Leroy Crandall Associates (1983). Report file 83307",NULL
"443",,,"Leroy Crandall Associates (1983). Report file 83318",NULL
"444",,,"Leroy Crandall Associates (1983). Report file 83319",NULL
"445",,,"Leroy Crandall Associates (1983). Report file 83322",NULL
"446",,,"Leroy Crandall Associates (1984). Report file 84021",NULL
"447",,,"Leroy Crandall Associates (1984). Report file 84032",NULL
"448",,,"Leroy Crandall Associates (1984). Report file 84034",NULL
"449",,,"Leroy Crandall Associates (1984). Report file 84065",NULL
"450",,,"Leroy Crandall Associates (1984). Report file 84066",NULL
"451",,,"Leroy Crandall Associates (1984). Report file 84080",NULL
"452",,,"Leroy Crandall Associates (1984). Report file 84120",NULL
"453",,,"Leroy Crandall Associates (1984). Report file 84145",NULL
"454",,,"Leroy Crandall Associates (1984). Report file 84182",NULL
"455",,,"Leroy Crandall Associates (1984). Report file 84199",NULL
"456",,,"Leroy Crandall Associates (1984). Report file 84200",NULL
"457",,,"Leroy Crandall Associates (1984). Report file 84227",NULL
"458",,,"Leroy Crandall Associates (1984). Report file 84235",NULL
"459",,,"Leroy Crandall Associates (1984). Report file 84238",NULL
"460",,,"Leroy Crandall Associates (1984). Report file 84271",NULL
"461",,,"Leroy Crandall Associates (1984). Report file 84274",NULL
"462",,,"Leroy Crandall Associates (1984). Report file 84277",NULL
"463",,,"Leroy Crandall Associates (1984). Report file 84280",NULL
"464",,,"Leroy Crandall Associates (1984). Report file 84290",NULL
"465",,,"Leroy Crandall Associates (1984). Report file 84295",NULL
"466",,,"Leroy Crandall Associates (1984). Report file 84310",NULL
"467",,,"Leroy Crandall Associates (1984). Report file 84361",NULL
"468",,,"Leroy Crandall Associates (1984). Report file 84376",NULL
"469",,,"Leroy Crandall Associates (1984). Report file 84383",NULL
"470",,,"Leroy Crandall Associates (1985). Report file 85001",NULL
"471",,,"Leroy Crandall Associates (1985). Report file 85003",NULL
"472",,,"Leroy Crandall Associates (1985). Report file 85018",NULL
"473",,,"Leroy Crandall Associates (1985). Report file 85062",NULL
"474",,,"Leroy Crandall Associates (1985). Report file 85065",NULL
"475",,,"Leroy Crandall Associates (1985). Report file 85077",NULL
"476",,,"Leroy Crandall Associates (1985). Report file 85092",NULL
"477",,,"Leroy Crandall Associates (1985). Report file 85121",NULL
"478",,,"Leroy Crandall Associates (1985). Report file 85122",NULL
"479",,,"Leroy Crandall Associates (1985). Report file 85134",NULL
"480",,,"Leroy Crandall Associates (1985). Report file 85143",NULL
"481",,,"Leroy Crandall Associates (1985). Report file 85205",NULL
"482",,,"Leroy Crandall Associates (1985). Report file 85213",NULL
"483",,,"Leroy Crandall Associates (1985). Report file 85240",NULL
"484",,,"Leroy Crandall Associates (1985). Report file 85254",NULL
"485",,,"Leroy Crandall Associates (1985). Report file 85271",NULL
"486",,,"Leroy Crandall Associates (1985). Report file 85296",NULL
"487",,,"Leroy Crandall Associates (1985). Report file 85309",NULL
"488",,,"Leroy Crandall Associates (1985). Report file 85310",NULL
"489",,,"Leroy Crandall Associates (1985). Report file 85362",NULL
"490",,,"Leroy Crandall Associates (1985). Report file 85383",NULL
"491",,,"Leroy Crandall Associates (1985). Report file 85401",NULL
"492",,,"Leroy Crandall Associates (1986). Report file 86008",NULL
"493",,,"Leroy Crandall Associates (1986). Report file 86040",NULL
"494",,,"Leroy Crandall Associates (1986). Report file 86059",NULL
"495",,,"Leroy Crandall Associates (1986). Report file 86097",NULL
"496",,,"Leroy Crandall Associates (1986). Report file 86098",NULL
"497",,,"Leroy Crandall Associates (1986). Report file 86161",NULL
"498",,,"Leroy Crandall Associates (1986). Report file 86177",NULL
"499",,,"Leroy Crandall Associates (1986). Report file 86187",NULL
"500",,,"Leroy Crandall Associates (1986). Report file 86207",NULL
"501",,,"Leroy Crandall Associates (1986). Report file 86211",NULL
"502",,,"Leroy Crandall Associates (1986). Report file 86293",NULL
"503",,,"Leroy Crandall Associates (1986). Report file 86335",NULL
"504",,,"Leroy Crandall Associates (1986). Report file 86339",NULL
"505",,,"Leroy Crandall Associates (1986). Report file 86397",NULL
"506",,,"Leroy Crandall Associates (1987). Report file 87026",NULL
"507",,,"Leroy Crandall Associates (1987). Report file 87033",NULL
"508",,,"Leroy Crandall Associates (1987). Report file 87138",NULL
"509",,,"Leroy Crandall Associates (1987). Report file 87143",NULL
"510",,,"Leroy Crandall Associates (1987). Report file 87169",NULL
"511",,,"Leroy Crandall Associates (1987). Report file 87204",NULL
"512",,,"Leroy Crandall Associates (1987). Report file 87276",NULL
"513",,,"Leroy Crandall Associates (1987). Report file 87303",NULL
"514",,,"Leroy Crandall Associates (1987). Report file 87356",NULL
"515",,,"Leroy Crandall Associates (1987). Report file 87371",NULL
"516",,,"Leroy Crandall Associates (1987). Report file 87410",NULL
"517",,,"Leroy Crandall Associates (1987). Report file 87421",NULL
"518",,,"Leroy Crandall Associates (1987). Report file 87433",NULL
"519",,,"Leroy Crandall Associates (1987). Report file 87459",NULL
"520",,,"Leroy Crandall Associates (1987). Report file 87464",NULL
"521",,,"Leroy Crandall Associates (1987). Report file 87507",NULL
"522",,,"Leroy Crandall Associates (1988). Report file 88001",NULL
"523",,,"Leroy Crandall Associates (1988). Report file 88018",NULL
"524",,,"Leroy Crandall Associates (1988). Report file 88030",NULL
"525",,,"Leroy Crandall Associates (1988). Report file 88052",NULL
"526",,,"Leroy Crandall Associates (1988). Report file 88054",NULL
"527",,,"Leroy Crandall Associates (1988). Report file 88081",NULL
"528",,,"Leroy Crandall Associates (1988). Report file 88099",NULL
"529",,,"Leroy Crandall Associates (1988). Report file 88206",NULL
"530",,,"Leroy Crandall Associates (1988). Report file 88253",NULL
"531",,,"Leroy Crandall Associates (1988). Report file 88293",NULL
"532",,,"Leroy Crandall Associates (1988). Report file 88424",NULL
"533",,,"Leroy Crandall Associates (1989). Report file 89013",NULL
"534",,,"Leroy Crandall Associates (1989). Report file 89026",NULL
"535",,,"Leroy Crandall Associates (1989). Report file 89038",NULL
"536",,,"Leroy Crandall Associates (1989). Report file 89046",NULL
"537",,,"Leroy Crandall Associates (1989). Report file 89059",NULL
"538",,,"Leroy Crandall Associates (1989). Report file 89088",NULL
"539",,,"Leroy Crandall Associates (1989). Report file 89389",NULL
"540",,,"Leroy Crandall Associates (1989). Report file 89403",NULL
"541",,,"Leroy Crandall Associates (1980). Report file 80269-5",NULL
"542",,,"Leroy Crandall Associates (1980). Report file 80269-7",NULL
"543",,,"Leroy Crandall Associates (1983). Report file 83124-21",NULL
"544",,,"Leroy Crandall Associates (1983). Report file 83124-27",NULL
"545",,,"Leroy Crandall Associates (1984). Report file 84078-5",NULL
"546",,,"Leroy Crandall Associates (1984). Report file 84078-7",NULL
"547",,,"Leroy Crandall Associates (1985). Report file 85005-001",NULL
"548",,,"Leroy Crandall Associates (1985). Report file 85005-002",NULL
"549",,,"Leroy Crandall Associates (1985). Report file 85005-007",NULL
"550",,,"Leroy Crandall Associates (1985). Report file 85005-030",NULL
"551",,,"Leroy Crandall Associates (1985). Report file 85005-037",NULL
"552",,,"Leroy Crandall Associates (1985). Report file 85005-100",NULL
"553",,,"Leroy Crandall Associates (1985). Report file 85005-102",NULL
"554",,,"Leroy Crandall Associates (1985). Report file 85005-105",NULL
"555",,,"Leroy Crandall Associates (1985). Report file 85005-256",NULL
"556",,,"Leroy Crandall Associates (1985). Report file 85005-277",NULL
"557",,,"Leroy Crandall Associates (1985). Report file 85005-280",NULL
"558",,,"Leroy Crandall Associates (1985). Report file 85005-602",NULL
"559",,,"Leroy Crandall Associates (1985). Report file 85005-606",NULL
"560",,,"Leroy Crandall Associates (1985). Report file 85005-614",NULL
"561",,,"Leroy Crandall Associates (1985). Report file 85005-626",NULL
"562",,,"Leroy Crandall Associates (1985). Report file 85005-858",NULL
"563",,,"Leroy Crandall Associates (1985). Report file 85005-874",NULL
"564",,,"Leroy Crandall Associates (1985). Report file 85097-05",NULL
"565",,,"Leroy Crandall Associates (1985). Report file 85097-06",NULL
"566",,,"Leroy Crandall Associates (1985). Report file 85097-09",NULL
"567",,,"Leroy Crandall Associates (1985). Report file 85097-11",NULL
"568",,,"Leroy Crandall Associates (1988). Report file 88044-04",NULL
"569",,,"Leroy Crandall Associates (1988). Report file 88044-22",NULL
"570",,,"Leroy Crandall Associates (19SW). Report file SWAA-1",NULL
"571",,,"Leroy Crandall Associates (19SW). Report file SWAA-2",NULL
"572",,,"Leroy Crandall Associates (19SW). Report file SWAA-3",NULL
"573",,,"Leroy Crandall Associates (19SW). Report file SWAA-4",NULL
"574",,,"Leroy Crandall Associates (19SW). Report file SWAA-5",NULL
"575",,,"Leroy Crandall Associates (19SW). Report file SWAA-6",NULL
"576",,,"Leroy Crandall Associates (19SW). Report file SWAA-7",NULL
"577",,,"Leroy Crandall Associates (19SW). Report file SWAA-8",NULL
"578",NULL,"https://doi.org/10.17603/ds2-by4m-ed67","Ornelas, F., C. de la Torre, C. Nweke, T. Buckreis, P. Wang, B. Bradley, S. Brandenberg, J. Stewart, (2023) ""Microtremor Horizontal-to-Vertical Spectral Ratio (mHVSR) Data Collection at California Downhole Vertical Array Sites, 2022"", in Microtremor Horizontal-to-Vertical Spectral Ratio (mHVSR) Site Characterization of California Vertical Arrays. DesignSafe-CI. https://doi.org/10.17603/ds2-by4m-ed67 v2",NULL
"579",NULL,NULL,"Conetec/Kleinfelder (1996) Shear wave velocity and geotechnical data for the I-15 reconstruction project, Salt Lake County, Utah: Various unpublished consultant\u00c6s reports, variously paginated",NULL
"580",NULL,NULL,"Ornelas, F.G., C.C. Nweke, C.A. de la Torre, P. Wang, T.D. Mai, B.R. Cox, S.J. Brandenberg, and J.P. Stewart. (2024b). Reliability of Low Frequency mHVSR Ordinates. 18th World Conference on Earthquake Engineering Conference. Italy.",NULL
"581",NULL,NULL,"Pinilla-Ramos C., Abrahamson N., and Kayen R. (2022) Estimation of site terms in ground-motion models for California using horizontal-to-vertical spectral ratios from microtremor. Bulletin of the Seismological Society of America 112(6): 3016–3036.",NULL
"582",NULL,"https://doi.org/10.1177/8755293020981989","Hallal, M. M., and Cox, B. R. (2021). “An H/V geostatistical approach for building pseudo-3D Vs models to account for spatial variability in ground response analyses Part I: Model development.” Earthquake Spectra, 37(3), 2013–2040. DOI:10.1177/8755293020981989.",NULL
"584",NULL,NULL,"Hallal, M. M., and Cox, B. R., personnel communication (2023)",NULL
"585",NULL,"https://doi.org/10.17603/ds2-1fcj-p013","Ornelas, F., C. Nweke, T. O'Donnell, K. Hudson, S. Brandenberg, J. Stewart, (2023) ""Microtremor Horizontal-to-Vertical Spectral Ratio (mHVSR) Data Collection at Searles Lake, 2023"", in Microtremor Horizontal-to-Vertical Spectral Ratio (mHVSR) Site Characterization of California Vertical Arrays. DesignSafe-CI. https://doi.org/10.17603/ds2-1fcj-p013 v2",NULL
"586",NULL,NULL,"Agbabian Associates, Inc. (1995) Borehole velocity and damping measurements at Argonne National Laboratory West Borehole ANL-1: Report #9455-6554 prepared for ANL-W under contract 31-109-38-9410-W, Pasadena, California, p. 1-39.",NULL
"587",NULL,NULL,"Agbabian Associates, Inc. (1997) Downhole seismic logging at the TMI-2 Independent Spent Fuel Storage Installation Site at the Idaho Chemical Processing Plant, INEEL: Report 98210-01 to EG&G Idaho, Inc., Idaho Falls, Idaho, November, 62 p.",NULL
"588",NULL,NULL,"Cox, B.R. and Vantassel, J.P. (2021) Deep shear wave velocity profiling using MASW and MAM surface seismic techniques: Idaho National Laboratory: Battelle Engergy Alliance External Report INL/EXT-21-62823, May, 286 p.",NULL
"589",NULL,NULL,"DeVan, R. and Marti, J.W. (1989) Dynamic mechanical properties, Well 2-2A and Well INEL-1. Terra Tek, Inc. Report TR--90-20: Prepared for EG&G Idaho Inc., Idaho National Engineering Laboratory, Idaho Falls, Idaho, p. 1-11.",NULL
"590",NULL,NULL,"Filipkowski, F., Blackey, M, Davies, D., Levine, E.N., and Murphy, V. (1991) Geophysical investigation New Production Reactor complex, INEL: EG&G Idaho Inc., Idaho Falls, Idaho, Informal Report EGG-NPR-10689, 65 p.",NULL
"591",NULL,NULL,"Golder Associates, Inc. (1992) New production Reactor Site Characterization (Volume I: Volcanic Zones Mapping Report, Volumne II: Regional Geomorphic Study, and Volumne III: NPR Site Geologic Report): EG&G Idaho Inc., Idaho Falls, Idaho, Informal Report EGG-NPR-1065.",NULL
"592",NULL,NULL,"Kleinfelder, Inc. (2007) Geotechnical investigations Integrated Waste Treatment Unit (IWTU), Idaho National Laboratory: Kleinfelder Project Np. 76388, Rev. 0, prepared for CH2M Hill Washington Group, Idaho, LLC 9CWI) Project Number 25051, June, 66 p.",NULL
"593",NULL,NULL,"MSE Technology Applications, Inc. (2006) Subsurface investigation for the Integrated Waste Treatment Unit at the Idaho Nuclear Technology and Engineering Center: submitted to CH2M-WG Idaho, LLC (CWI), Report MSE-95, January, 120 p.",NULL
"594",NULL,NULL,"North Wind Resource Consulting, LLC, and Rizzo Associates (North Wind and Rizzo Associates) (2015) Geotechnical report Spent Fuel Handling Recapitalization Project, Naval Reactors Facility, Idaho National Laboratory: prepared for Bechtel Marine Propilsion Corporation, Naval Reactors Facility report 3096-TR-01, April, 130 p., with Appendix A-J.",NULL
"595",NULL,NULL,"Redpath Geophysics (1997) Letter transmittal to B. Harris of downhole velocity measurements at ANL-W borehole: Idaho National Engineering Laboratory, June, 22 p.",NULL
"596",NULL,NULL,"Redpath Geophysics (1997) Letter transmittal to B. Harris of downhole velocity measurements at ANL-W borehole: Idaho National Engineering Laboratory, June, 22 p.",NULL
"597",NULL,NULL,"Redpath Geophysics (2001) Summary data report of downhole velocity surveys at the Advanced Test Reactor Area, Idaho National Engineering and Environmental Laboratory, May, 169 p.",NULL
"598",NULL,NULL,"RIZZO International, Inc. (2020)",NULL
"599",NULL,NULL,"RIZZO International, Inc. (RIZZO) (2021) Field Data Report, Carbon Free Power Project - Idaho National Laboratory: Project np. 19-6001, Revision 0, 23 September 2022, 836 p.",NULL
"600",NULL,NULL,"RIZZO International, Inc. (RIZZO) (2022) Data transmittal no. 2 in support of probabilistic seismic hazard analyses, Carbon Free Power Project, combine license application development program: Document no. L025 196001A/22, 11 February 2022, 2 p. with attachments.",NULL
"601",NULL,NULL,"Rizzo Associates (1994)",NULL
"602",NULL,NULL,"Rizzo Associates (2008)",NULL
"603",NULL,NULL,"Stokoe (2021)",NULL
"604",NULL,NULL,"Stokoe et al (2022a)",NULL
"605",NULL,NULL,"STRATA Inc. (2011) Final Report geotechnical engineering evaluation Spent Fuel Handling Project facility, Naval Reactors Facility - INL, Butte County, Idaho: Prepared for Michal Baker Jr. Inc., (Naval Reactors Facility), 56 p.",NULL
"606",NULL,NULL,"Wood Environment & Infrastructure Solutions, Inc. (WOOD) (2020) INL Seismic Velocity Borehole Report for the Advanced Test Reactor (ATR) Complex: Battelle Energy Alliance External Report INL/EXT-20-59428, October, 486 p.",NULL
"607",NULL,NULL,"Wood Environment & Infrastructure Solutions, Inc. (WOOD) (2021) Final study report: Idaho National Laboratory spectral analysis of surface waves testing: Battelle Energy Alliance External Report INL/EXT-21-65012, October, 150 p.",NULL
"608",NULL,NULL,"Fugro USA Land, Inc (2016), Geophysical Site Characterization of Bay Area Seismic Monitoring Stations: Vs-depth Profiling, NEHRP Site Classifications, and Linear Shallow Amplification Functions. Prepared for U.S. Geological Survey, Award G16AP00009, April 2016.",NULL
"609",NULL,NULL,"GeoVision (2023), PS Suspension Velocities, Borehole MP-189.6L, Lost Hills, California. Prepared for Gregg Drilling and Testing, Inc., Report 23252-01, August 4, 2023.",NULL
"610",NULL,NULL,"California Department of Water Resources (CDWR) (2013) 2009 through 2012 geotechnical data report: pipeline/tunnel option, Delta Habitat Conservation and Conveyance Program, Standard Agreement 4600008104. April.",NULL
"611",NULL,NULL,"Craig, M., N. Kundariya, M. Burnham, and K. Hayashi (2017) Site characterization in the Sacramento-San Joaquin Delta using seismic surface wave and reflection methods, USGS Technical Report G17AP00022.",NULL
"612",NULL,NULL,"Geovision (2000) Department of Water Resources Boreholes DHP-4D and DJP-5J3 suspension P & S velocities, Report 0297-01.",NULL
"613",NULL,NULL,"Geovision (2007) Antiosh Bridge invesitgation borings 06-06, 06-03, 06-04, 06-07, and 06-08, suspension P & S velocities, Report 6554-01 Rev 02.",NULL
"614",NULL,NULL,"Bridge No. 28-0009 Caltrans.",NULL
"615",NULL,NULL,"Agbabian Associates (1994) Suspension P- and SH-wave velocity measurements on the Clifton Court Forebay levee, borehole DHP-3C, Report 9444-6496.",NULL
"616",NULL,NULL,"Agbabian Associates (1994) Suspension P- and SH-wave velocity measurements on the Montezuma Slough levee, borehole DHP-5C, Report 9444-6502.",NULL
"617",NULL,NULL,"Agbabian Associates (1994) Suspension P- and SH-wave velocity measurements on the Staten Island levee, borehole DHP-6C, Report 9444-6527.",NULL
"618",NULL,NULL,"Agbabian Associates (1994) Suspension P- and SH-wave velocity measurements on the Sherman Island levee, borehole DHP-4C, Report 9444-6519.",NULL
"619",NULL,NULL,"California Department of Water Resources (CDWR) (2015) Geologic data report Delta flood emergency preparedness, response, and recovery program, Rio Vista and West Weber South facilities, Report No. D-219 (also filed as Report No. 80-10-42), December.",NULL
"620",NULL,NULL,"Fugro Geosciences, Inc. (2002) CPT MRCPTC05A, Job Number 02-0707.",NULL
"621",NULL,NULL,"Fugro Geosciences, Inc. (2002) CPT MRCPTC07, Job Number 02-0707.",NULL
"622",NULL,NULL,"California Department of Water Resources (2013) Geologic report: Curtis Landing Fish Release site modification, Report No. 80-10-38. January.",NULL
"623",NULL,NULL,"Agbabian Associates (1994) Suspension P- and SH-wave velocity measurements on the Bacon and Web levee, borehole DHP-1a.",NULL
"624",NULL,NULL,"Anderson, N. and T. Thitimakorn. (2004). A 2-D MASW shear-wave velocity profile along a test segment of Interstate I-70, St. Louis, Missouri. Report no. 04-012, Missouri Department of Transportation, Jefferson City, Missouri.",NULL
"625",NULL,NULL,"Anderson, N., D. Hoffman, W. Liu, R. Luna, R. Stephenson, and T. Thitimakorn. (2005). Comprehensive shear-wave velocity study in the Poplar Bluff area, southeast Missouri. Report no. 05-006, Missouri Department of Transportation, Jefferson City, Missouri.",NULL
"626",NULL,NULL,"Anderson, N., G. Chen, S. Kociu, R. Luna, T. Thitimakorn, A. Malovichko, D. Malovichko, and D. Shylakov. (2003). Vertical shear-wave velocity profiles generated from spectral analysis of surface waves: Field examples. Report no. 03-006, Missouri Department of Transportation, Jefferson City, Missouri.",NULL
"627",NULL,NULL,"Bauer, R.A. (2004). Central U.S. shear wave velocity database with accompanying geological/geotechnical information of nonlithified geologic materials. Report no. 04-HQ-GR-0074, Illinois State Geological Survey, Champaign, Illinois. ",NULL
"628",NULL,NULL,"Beresnev, I.A. and G.M. Atkinson. (1997). Shear-wave velocity survey of seismographic sites in Eastern Canada: Calibration of empiricial regression method of estimating site response. Seismological Research Letters, 68 (6), 981 - 987.",NULL
"629",NULL,NULL,"Dames & Moore. (1974). Site parameter study Gassar seismic design for General Atomic Company. Job No. 2395-001-02.",NULL
"630",NULL,NULL,"Ge, J., J. Pujol, S. Pezeshk, and S. Stovall. (2007). Determination of shallow shear-wave velocity at Mississippi Embayment sites using vertical seismic profiling data. Bulletin of the Seismological Society of America. 97 (2), 614 - 623.",NULL
"631",NULL,NULL,"Gomberg, J., B. Waldron, E. Schweig, H. Hwang, A. Webbers, R. VanArsdale, K. Tucker, R. Williams, R. Street, P. Mayne, W. Stephenson, J. Odum, C. Cramer, R. Updike, S. Hutson, and M. Bradley. (2003). Lithology and shear-wave velocity in Memphis, Tennessee. Bulletin of the Seismological Society of America, 93 (3), 986 - 997.",NULL
"632",NULL,NULL,"Hoffman, D., N. Anderson, and J.D. Rogers. (2008). St. Louis Metro area shear wave velocity testing. Report no. 06HQGR0026. Missouri University of Science and Technology, Rolla, Missouri.",NULL
"633",NULL,NULL,"Holzer, T.L., T.E. Noce, and M.J. Bennett. (2010). Maps and documentation of seismic CPT soundings in the central, eastern, and western United States. Open-File Report 2010-1136. U.S. Geological Survey, Reston, Virginia.",NULL
"634",NULL,NULL,"Jaume, S.C. (2006). Shear wave velocity profiles via seismic cone penetration test and refraction microtremor techniques at ANSS strong motion sites in Charleston, South Carolina. Seismological Research Letters, 77 (6), 771 - 779.",NULL
"635",NULL,NULL,"Kaka, SanLinn Isma'il. (2005). Development of Ontario ShakeMaps. Carleton University, Ottawa, Ontario, Canada, Ph.D. dissertation.",NULL
"636",NULL,NULL,"Larsen, G.E. (2007). Seismic investigation of the Castalia State fish hatchey Castalia, Ohio. OSG File No. 340439001024. Ohio Geologic Survey.",NULL
"637",NULL,NULL,"Lester, A.P. (2005). An examination of site response in Columbia, South Carolina: Sensitivity of site response to ""rock"" input motion and the utility of Vs(30). Virginia Polytechnic Institute and State University, Blacksburg, Virginia, M.S. Thesis.",NULL
"638",NULL,NULL,"Lin, L. and J. Adams. (2010). Compilation of shear wave velocities for eastern Canada for use in the NGA-East Project. Technical Report",NULL
"639",NULL,NULL,"Liu, H.-P., Y. Hu, J. Dorman, T.-S. Chang, and J.-M. Chiu. (1997). Upper Mississippi embayment shallow seismic velocities measured in situ. Engineering Geology, 46, 313 - 330.",NULL
"640",NULL,NULL,"Mohanan, N.P., C.D. Fairbanks, R.D. Andrus, W.M. Camp, T.J. Cleary, T.J. Casey, and W.B. Wright. (2006). Electronic files of shear wave velocity and cone penetration test measurements from the Greater Charleston Area, South Carolina. Report no. 05HQGR0037. U.S. Geological Survey.",NULL
"641",NULL,NULL,"Moos, D. and M.D. Zoback. (1983). In situ studies of velocity in fractured crystalline rocks. Journal of Geophysical Research, 88 (B3), 2345 - 2358.",NULL
"642",NULL,NULL,"Motazedian, D., J.A. Hunter, A. Pugin, and H. Crow. (2011). Development of a Vs30 (NEHRP) map for the city of Ottawa, Ontario, Canada. Canadian Geotechnical Journal, 48, 458 - 472.",NULL
"643",NULL,NULL,"Odum, J.K., R.A. Williams, W.J. Stephenson, and D.M. Worley. (2003). Near-surface S-wave and P-wave seismic velocities of primary geologic formations on the Piedmot and Atlantic Coastal Plain of South Carolina, USA. Open-File Report 03-043, U.S. Geological Survey, Golden, Colorado. ",NULL
"644",NULL,NULL,"Odum, J.K., W.J. Stephenson, and R.A. Williams. (2010). Predicted and observed spectral response from collocated shallow, active- and passive-source Vs data at five ANSS sites, Illinois and Indiana, USA.",NULL
"645",NULL,NULL,"Ohio Geologic Survey. (2002). Deehr Road seismic investigation. OSG File No. 340439000124, Ohio Geologic Survey.",NULL
"646",NULL,NULL,"Ohio Geologic Survey. (2002). Tarkiln Road seismic investigation. OSG File No. 340459000124, Ohio Geologic Survey.",NULL
"647",NULL,NULL,"Ohio Geologic Survey. (2003). Blakeman property seismic investigation. OSG File No. 340439000724, Ohio Geologic Survey.",NULL
"648",NULL,NULL,"Ohio Geologic Survey. (2003). Delaware Lake State Park seismic investigation. OSG File No. 340419000124, Ohio Geologic Survey.",NULL
"649",NULL,NULL,"Ohio Geologic Survey. (2003). District Petroleum, Inc. seismic investigation. OSG File No. 340439000224, Ohio Geologic Survey.",NULL
"650",NULL,NULL,"Ohio Geologic Survey. (2003). Fox property seismic investigation. OSG File No. 340739000124, Ohio Geologic Survey.",NULL
"651",NULL,NULL,"Ohio Geologic Survey. (2003). Franklin Hills Memorial Garden seismic investigation. OSG File No. 340499000124, Ohio Geologic Survey.",NULL
"652",NULL,NULL,"Ohio Geologic Survey. (2003). Hidden Haven Shooting Preserve & Sporting Clays, Inc. seismic investigation. OSG File No. 340739000424, Ohio Geologic Survey.",NULL
"653",NULL,NULL,"Ohio Geologic Survey. (2003). Laurel Brook Farm seismic investigation. OSG File No. 340739000824, Ohio Geologic Survey.",NULL
"654",NULL,NULL,"Ohio Geologic Survey. (2004). Hickory Hills Lake Resort seismic investigation. OSG File No. 340719000224, Ohio Geologic Survey.",NULL
"655",NULL,NULL,"Ohio Geologic Survey. (2004). Paint Creek Dam and Reservoir seismic investigation. OSG File No. 341419000124, Ohio Geologic Survey.",NULL
"656",NULL,NULL,"Ohio Geologic Survey. (2004). USNSN-OhioSeis seismometer vault and GPS monument foundation study. OSG File No. 340419000224, Ohio Geologic Survey.",NULL
"657",NULL,NULL,"Ohio Geologic Survey. (2005). Libbens Farm seismic investigation. OSG File No. 341239000124, Ohio Geologic Survey.",NULL
"658",NULL,NULL,"Ohio Geologic Survey. (2005). Maumee State Forest seismic investigation. OSG File No. 340519000124, Ohio Geologic Survey.",NULL
"659",NULL,NULL,"Ohio Geologic Survey. (2006). Boy Scouts of America, Beaumont Scout Reservation seismic invesitgation. OSG File No. 340079000324, Ohio Geologic Survey.",NULL
"660",NULL,NULL,"Ohio Geologic Survey. (2006). Brockman property seismic investigation. OSG File No. 340979000124, Ohio Geologic Survey.",NULL
"661",NULL,NULL,"Ohio Geologic Survey. (2006). Geauga Park District, Montville Observatory seismic investigation. OSG File No. 340559000124, Ohio Geologic Survey.",NULL
"662",NULL,NULL,"Ohio Geologic Survey. (2006). Howard Rich property seismic investigation. OSG File No. 340079000224, Ohio Geologic Survey.",NULL
"663",NULL,NULL,"Ohio Geologic Survey. (2006). John Kusar Property Seismic Invesitigation. OSG File No. 340079000124, Ohio Geologic Survey.",NULL
"664",NULL,NULL,"Ohio Geologic Survey. (2006). The Ohio State University extension and Ohio Agricultural Research and Development Center, Ashtabula Agrigultural Research station seismic invesitigation. OSG File No. 34079000424, Ohio Geologic Survey.",NULL
"665",NULL,NULL,"Ohio Geologic Survey. (2008). Highland County Water Company Well Field No. 1 seismic investigation. OSG File No. 341419000224, Ohio Geologic Survey.",NULL
"666",NULL,NULL,"Ohio Geologic Survey. (2008). Highland County Water Company Well Field No. 2 seismic investigation. OSG File No. 340719000624, Ohio Geologic Survey.",NULL
"667",NULL,NULL,"Ohio Geologic Survey. (2008). Indian Run United Methodist Church seismic investigation. OSG File No. 340499000424, Ohio Geologic Survey.",NULL
"668",NULL,NULL,"Ohio Geologic Survey. (2008). Lambert Road, Martino property seismic investigation. OSG File No. 340499000324, Ohio Geologic Survey.",NULL
"669",NULL,NULL,"Ohio Geologic Survey. (2008). The Ohio State University Extension and Ohio Agricultural Research and Development Center and Northwest Branch Agricultural Research Station seismic investigation. OSG File No. 341739000124, Ohio Geologic Survey.",NULL
"670",NULL,NULL,"Ohio Geologic Survey. (2009). Deer Creek State Park passive remote MASW seismic investigation. OSG File No. 340479000124, Ohio Geologic Survey.",NULL
"671",NULL,NULL,"Ohio Geologic Survey. (2009). Huntley Bowl Park passive MASW investigation. OSG File No. 340499000524, Ohio Geologic Survey.",NULL
"672",NULL,NULL,"Ohio Geologic Survey. (2010). Seismic investigation of the City of Columbus, Department of Public Utilities South Well Field (Stewart Farm). OSG File No. 340499000724, Ohio Geologic Survey.",NULL
"673",NULL,NULL,"Ohio Geologic Survey. (2010). Wolfe property seismic investigation. OSG File No. 340839000124, Ohio Geologic Survey.",NULL
"674",NULL,NULL,"Park, C.B. and R.D. Miller. (2005). Seismic characterizstion of wind turbine sites in Kansas by the MASW method. Open File Report 2005-23, Kansas Geological Survey, Lawrence, Kansas. ",NULL
"675",NULL,NULL,"Park, C.B. and R.D. Miller. (2005). Seismic characterizstion of wind turbine sites near Lawton, Oklahoma, by the MASW method. Open File Report 2005-22, Kansas Geological Survey, Lawrence, Kansas. ",NULL
"676",NULL,NULL,"Read, K., H. El Naggar, and D. Eaton. (2008). Site-response spectra for POLARIS station sites in southern Ontario and Quebec. Seismological Research Letters, 79 (6), 776 - 784.",NULL
"677",NULL,NULL,"Rosenbald, B.L. (2010). Deep shear wave velocity profiles of Mississippi Embayment sediments determined from surface wave measurments. USGS Award No. 06HQGR0131. ",NULL
"678",NULL,NULL,"Santagata, M. and Y.I. Kang. (2007). Effects of geologic time on the initial stiffness of clays. Engineering Geology, 89, 98 - 111.",NULL
"679",NULL,NULL,"Schneider, J.A., P.W. Mayne, and G.J. Rix. (2001). Geotechnical site characterization in the greater Memphis area using cone penetration tests. Engineering Geology, 62, 169 - 184.",NULL
"680",NULL,NULL,"Stokoe, K.H. (1983). In situ seismic wave velocities: Pinopolis West Dam: Part I: Crosshole seismic testing. Report. ",NULL
"681",NULL,NULL,"Stokoe, K.H. (2001). In situ seismic wave velocities: Dow Chemical facility Baton Rouge, Louisiana. Report. ",NULL
"682",NULL,NULL,"Stokoe, K.H. and E. Turner. (1983). In situ seismic wave velocities: Union Texas Petroleum, Huston Texas. Report. ",NULL
"683",NULL,NULL,"Stokoe, K.H. and R.J. Hoar. (1980). In situ seismic wave velocities: Monsanto Company Maleic Anhydride Plant, Pensacola, Florida. Report. ",NULL
"684",NULL,NULL,"Stokoe, K.H. and R.J. Hoar. (1982). In situ seismic wave velocities and dynamic analysis for CFH compressor foundations. Report. ",NULL
"685",NULL,NULL,"Stokoe, K.H. and Y.J. Mok. (1987). In situ seismic wave velocities: S.R. Bertron Pwer Plant Houston, Texas. Report. ",NULL
"686",NULL,NULL,"Stokoe, K.H., J.A. Bay, and M.D. Fuhriman. (1992). Crosshole seismic measurements Savannah River Site replacement Tritium facility. Report.",NULL
"687",NULL,NULL,"Stokoe, K.H., J.A. Bay, B.L. Rosenbald, S.-K, Hwang, and M.R. Twede. (1994). In situ seismic and dynamic laboratory measurments of geotechnical materials at Queensboro Bridge and Roosevelt Island. Geotechnical Engineering Report GR94-5, Univeristy of Texas at Austin. ",NULL
"688",NULL,NULL,"Stokoe, K.H., S. Nazarian, and E. Turner. (1983). In situ seismic wave velocities by crosshole and surface wave methods: Phase II expansion: HDS Unit American Petrofina, Port Arthur, Texas. Report. ",NULL
"689",NULL,NULL,"Stokoe, K.H., Y.J. Mok, J. Bay, and R. Lopez. (1989). In situ seismic wave velocities: Chevron Styrene Expansion St. James, Louisiana. Report. ",NULL
"690",NULL,NULL,"Street, R., E. Woolery, Z. Wang, and J. Harris. (1995). A short note on shear-wave velocities and other site conditions at selected strong-motion stations in the New Madris Seismic Zone. Seismological Research Letters, 66 (1), 56 - 63.",NULL
"691",NULL,NULL,"Street, R., E.W. Woolery, and J.-M. Chiu. (2004). Shear-wave velocities of the Post-Paleozoic sediments across the Upper Mississippi Embayment. Seismological Research Letters, 75 (3), 390 - 405.",NULL
"692",NULL,NULL,"Street, R., Z. Wang, E. Woolery, J. Hunt, and J. Harris. (1997). Site effects at a vertical accelerometer array near Paducah, Kentucky. Engineering Geology, 46, 349 - 367.",NULL
"693",NULL,NULL,"Sykora, D.W. and J.J. Davis. (1993). Site-specific earthquake response analysis for Portsmouth Gaseous Diffusion Plant, Portsmouth, Ohio. Miscellaneous Paper GL-93-13, US Army Corps of Engineers, Vicksburg, Mississippi",NULL
"694",NULL,NULL,"Vance, D.M. (2006). Shear-wave velocity database and derivative mapping for the Upper Mississippi Embayment. University of Kentucky, Lexington, Kentucky, M.S. Thesis.",NULL
"695",NULL,NULL,"Williams, R.A., J.K. Odum, W.J. Stephenson, and R.B. Herrmann. (2007). Shallow P- and S-wave velocities and site resonances in the St. Louis Region, Missouri-Illinois. Earthquake Spectra, 23 (3), 711 - 726.",NULL
"696",NULL,NULL,"Williams, R.A., S. Wood, W.J. Stephenson, J.K. Odum, M.E. Meremonte, and R. Street. (2003). Surface seismic refraction/reflection measurement determinations of potential site resonances and the areal uniformity of NEHRP site class D in Memphis, Tennessee, Earthquake Spectra, 19, 159 - 189.",NULL
"697",NULL,NULL,"Williams, R.A., W.J. Stephenson, J.K. Odum, and D.M. Worley. (2003). Seismic velocities from high-resolution surface-seismic imaging at six ANSS sites near Memphis, Tennessee. Open-File Report 03-218, U.S. Geological Survey, Golden, Colorado.",NULL
"698",NULL,NULL,"Wong, I., K.H. Stokoe, B.R. Cox, Y.-C. Lin, and F.-Y. Menq. (2010). Geotechnical characterization and evaluation of site amplification at selected PNSN strong motion sites, Seattle, Washington. Report No. 03HQGGR0012. U.S. Geological Survey. ",NULL
"699",NULL,NULL,"Woolery, E.W. and Z. Wang. (2005). Seismic velocity measurements at expended seismic network sites. Report no. P8.3 2005, Kentuckey Research Consortium for Energy and Environment, Lexington, Kentucky. ",NULL
"700",NULL,NULL,"Herrmann, R.B. and D.J. Crossley. (2008). Shear-wave velocity determination for metropolitan St. Louis Focal Mechansim. Report no. 05HQGR0046. Department of Earth and Atmospheric Sciences, Saint Louis University, St. Louis, Missouri. ",NULL
"701",NULL,NULL,"Ohio Geologic Survey.",NULL
"702",NULL,NULL,"Conetec/Kleinfelder (1996) Shear wave velocity and geotechnical data for the I-15 reconstruction project, Salt Lake County, Utah: Various unpublished consultant reports, variously paginated",NULL
"703",NULL,NULL,"Tinsley, J.C., King, K.W., Trumm, D.A., Carver, D.L., and Williams, Robert (1991) Geologic aspects of shear-wave velocity and relative ground response in Salt Lake Valley, Utah, in McCalpin, J.P., editor, Proceedings of the 27th symposium on engineering",NULL
"704",NULL,NULL,"Stephenson, W.J., Williams, R.A, Odum, J.K., and Worley, D.M. (2007) Miscellaneous high-resolution seismic imaging investigations in Salt Lake and Utah Valleys for earthquake hazards: U.S. Geological Survey",NULL
"705",NULL,NULL,"Fugro William Lettis & Associates, Inc. (2012) Pocatello shear wave velocity and P-wave mapping: NEHRP site response and liquefaction susceptibility mapping for Pocatello, Idaho, Project No. 04.79011032.",NULL
"706",NULL,NULL,"Conetec/Kleinfelder (2000) Shear wave velocity and geotechnical data for the proposed Legacy Highway project, Salt Lake County, Utah: Various unpublished consultant reports, variously paginated",NULL
"707",NULL,NULL,"Dames and Moore (1996) Stage 1 I-15 seismic hazard analysis: Salt Lake City, data from unpublished consultantÆs report for Utah Department of Transportation, variously paginated.",NULL
"708",NULL,NULL,"AGEC (1997) Geotechnical data for LDS Assembly Building, North Temple Street to 200 North and West Temple Street to Main Street, Salt Lake City, Utah: Unpublished consultant report, project no. 973042, variously paginated.",NULL
"709",NULL,NULL,"LGS Geophysics Inc. (1998) Shear wave velocity profile for proposed American Stores office tower, 300 South and Main Street, Salt Lake City, Utah: Unpublished consultant's report, pages unknown.",NULL
"710",NULL,NULL,"LSG Geophysics (1997) Results of downhole seismic shear wave survey at the Intermountain Health Care site, 2800 S. 4600 W., West Valley City, Utah: Unpublished consultant report, 4 p.",NULL
"711",NULL,NULL,"Bay, J.A. (2008) Shallow shear wave velocity profiling of poorly chracterized earthquake response units in Urban Utah, Davis, and Weber counties, Utah. USGS-NEHRP Report 05HQGR0088.",NULL
"712",NULL,NULL,"AGRA Earth and Environmental (1997) Geoseismic and geotechnical evaluation, existing Ogden City municipal building remodel/seismic study, Ogden, Utah: Unpublished consultant's report, project no. 7-817-000786, variously paginated.",NULL
"713",NULL,NULL,"United States Nuclear Regulatory Commission (US NRC) (2021) Seismic hazard evaluations for U.S. nuclear power plants: near-term task force recommendation 2.1 results, Report NUREG/KM-0017.",NULL
"714",NULL,NULL,"DTE Energy (2014) Chapter 2: Site characteristics, in ""Fermi 3 combined license application, Part 2: final safety analyis report"", Revision 8.",NULL
"715",NULL,NULL,"Dominion (2016) Chapter 2: Site characteristics, in ""North Anna 3 combined license application, Part 2: final safety analysis report"", Revision 9.",NULL
"716",NULL,NULL,"Youd, T.L., H. A.J. Bartholomew, and J. S. Proctor (2004) Geotechnical logs and data from permanently instrumented field sites: Garner Valley Downhole Array (GVDA) and Wildlife Liquefaction Array (WLA), Report to the Network for Earthquake Engineering Simulation (NEES) Colaboratories.",NULL
"717",NULL,NULL,"Agbabian Associates (1994) Boreggo earthquake obervator comissioning report.",NULL
"718",NULL,NULL,"Agbabian Associates (1992) Kajima Southern California strong motion network: Hollister earthquake observatory.",NULL
"719",NULL,NULL,"Gregg Drilling, LLC. (2022) Cone penetration testing (CPT) report: Cal Poly Demo, Project D1225039.",NULL
"720",NULL,NULL,"Albert Kottke (2020) Personal communication.",NULL
"721",NULL,NULL,"Barry, R. G. (2016) Bethany Dams; foundation stability investigation, rock coring and Vs30 results at Dam 1, CDWR Report No. 51-10-28.",NULL
"722",NULL,NULL,"Geovision (2012) Boring geophysics: CA DWR borings Holt DSP-08 and Hood DSP-07, Report 11407-01.",NULL
"723",NULL,NULL,"Gregg Drilling, LLC. (2015) CPT site investigation Prospect Island restoration project, Project 15-168MA.",NULL
"724",NULL,NULL,"Nweke, C., T. Buckreis, and F. Ornelas. (2024) ""Microtremor Horizontal-to-Vertical Spectral Ratio (mHVSR) Data Collection at Tarzana, 2022"", in Microtremor Measurements Performed Within The Southern California Region. DesignSafe-CI.",NULL
"725",NULL,NULL,"Nweke, C., T. Buckreis, and F. Ornelas. (2024) ""Microtremor Horizontal-to-Vertical Spectral Ratio (mHVSR) Data Collection at Brentwood, 2022"", in Microtremor Measurements Performed Within The Southern California Region. DesignSafe-CI.",NULL
"726",NULL,NULL,"Nweke, C., F. Ornelas, R. Shams, P. Vyas, and S. K.C.. (2024) ""Microtremor Horizontal-to-Vertical Spectral Ratio (mHVSR) Data Collection at Griffith Park, 2023"", in Microtremor Measurements Performed Within The Southern California Region. DesignSafe-CI.",NULL
"727",NULL,NULL,"Nweke, C., F. Ornelas, R. Shams, P. Vyas, and S. K.C.. (2024) ""Microtremor Horizontal-to-Vertical Spectral Ratio (mHVSR) Data Collection at Baldwin Hills, 2023"", in Microtremor Measurements Performed Within The Southern California Region. DesignSafe-CI.",NULL
"728",NULL,NULL,"Ornelas, F., J. Stapleton, S. Brandenberg, and Stewart, J. (2024) ""Microtremor Horizontal-to-Vertical Spectral Ratio (mHVSR) Data Collection at UCLA Campus, 2024"", in Microtremor Horizontal-to-Vertical Spectral Ratio (mHVSR) Site Characterization of California Vertical Arrays. DesignSafe-CI.",NULL
"729",NULL,NULL,"A3GEO. (2020). Geotechnical Data and Interpretations Report Fiscal Year 2020 Ground Motions Study Lawrence Berkeley National Laboratory, A3GEO Inc., California.",NULL
"730",NULL,NULL,"Kleinfelder, Inc. (2015). Geotechnical Investigation Report, Proposed UC Davis Chemistry Building and Annex, Seismic Retrofit, California Avenue and Hutchinson Drive, Davis, California (Project No. 20154633)",NULL
"731",NULL,NULL,"Rutherford and Chekene (2021). Geologic Hazards Evaluation & Geotechnical Investigation, UC Davis Medical Center Replacement Hospital Tower, Sacramento, CA (Report No. 2020-065G)",NULL
"732",NULL,NULL,"GEOVision Geophysical Services, Inc. (2022) Surface Wave Measurements at California Strong Motion Instrumentation Program Stations: Los Angeles, Orange, Riverside, and San Bernardino Counties, Report 213702-01 rev0, June 30, 2022.",NULL
"733",NULL,NULL,"GEOVision Geophysical Services, Inc. (2020) Surface Wave Measurements at California Strong Motion Instrumentation Program Stations: East Bay Area, Owens Valley and Mammoth Lakes Area, and San Jacinto and Southern San Andreas Fault Area, California, Report 19362-01 revA, October 31, 2020.",NULL
"734",NULL,NULL,"Petralogix Engineering, Inc. (2018) Vs30 Site Characterization Report: Napa, Solano, Contra Costa, and Alameda Counties - Califorina Strong Motion Instrumentation Program (CSMIP), Report 2018-00022, December 18, 2018.",NULL
